treatment,cluster_params,time,accuracy,num_correct,num_wrong,cluster_algorithm,similarity_metric,total_orgs
limited_res__rep_1,db_cluster__ep_0p1__mp_5__mode_both,10000,0.0,0,3000,db_cluster,both,3000
limited_res__rep_1,db_cluster__ep_0p1__mp_5__mode_both,15000,0.0,0,3000,db_cluster,both,3000
limited_res__rep_1,db_cluster__ep_0p1__mp_5__mode_both,20000,0.0,0,3000,db_cluster,both,3000
limited_res__rep_1,db_cluster__ep_0p1__mp_5__mode_both,25000,0.0,0,3000,db_cluster,both,3000
limited_res__rep_1,db_cluster__ep_0p1__mp_5__mode_both,30000,0.0,0,3000,db_cluster,both,3000
limited_res__rep_1,db_cluster__ep_0p1__mp_5__mode_both,35000,0.0,0,3000,db_cluster,both,3000
limited_res__rep_1,db_cluster__ep_0p1__mp_5__mode_both,40000,0.0,0,3000,db_cluster,both,3000
limited_res__rep_1,db_cluster__ep_0p1__mp_5__mode_both,45000,0.0,0,3000,db_cluster,both,3000
limited_res__rep_1,db_cluster__ep_0p1__mp_5__mode_both,50000,0.0,0,3000,db_cluster,both,3000
limited_res__rep_1,db_cluster__ep_0p1__mp_5__mode_both,55000,0.0,0,3000,db_cluster,both,3000
limited_res__rep_1,db_cluster__ep_0p1__mp_5__mode_both,60000,0.0,0,3000,db_cluster,both,3000
limited_res__rep_1,db_cluster__ep_0p1__mp_5__mode_both,65000,0.0,0,3000,db_cluster,both,3000
limited_res__rep_1,db_cluster__ep_0p1__mp_5__mode_both,70000,0.0,0,3000,db_cluster,both,3000
limited_res__rep_1,db_cluster__ep_0p1__mp_5__mode_both,75000,0.0,0,3000,db_cluster,both,3000
limited_res__rep_1,db_cluster__ep_0p1__mp_5__mode_both,80000,0.0,0,3000,db_cluster,both,3000
limited_res__rep_1,db_cluster__ep_0p1__mp_5__mode_both,85000,0.0,0,3000,db_cluster,both,3000
limited_res__rep_1,db_cluster__ep_0p1__mp_5__mode_both,90000,0.0,0,3000,db_cluster,both,3000
limited_res__rep_1,db_cluster__ep_0p1__mp_5__mode_both,95000,0.0,0,3000,db_cluster,both,3000
limited_res__rep_1,db_cluster__ep_0p1__mp_5__mode_both,100000,0.0,0,3000,db_cluster,both,3000
limited_res__rep_1,db_cluster__ep_0p1__mp_5__mode_both,total,0.05,3000,57000,db_cluster,both,60000
limited_res__rep_1,db_cluster__ep_0p1__mp_5__mode_genotype,10000,0.0,0,3000,db_cluster,genotype,3000
limited_res__rep_1,db_cluster__ep_0p1__mp_5__mode_genotype,15000,0.0,0,3000,db_cluster,genotype,3000
limited_res__rep_1,db_cluster__ep_0p1__mp_5__mode_genotype,20000,0.0,0,3000,db_cluster,genotype,3000
limited_res__rep_1,db_cluster__ep_0p1__mp_5__mode_genotype,25000,0.0,0,3000,db_cluster,genotype,3000
limited_res__rep_1,db_cluster__ep_0p1__mp_5__mode_genotype,30000,0.0,0,3000,db_cluster,genotype,3000
limited_res__rep_1,db_cluster__ep_0p1__mp_5__mode_genotype,35000,0.0,0,3000,db_cluster,genotype,3000
limited_res__rep_1,db_cluster__ep_0p1__mp_5__mode_genotype,40000,0.0,0,3000,db_cluster,genotype,3000
limited_res__rep_1,db_cluster__ep_0p1__mp_5__mode_genotype,45000,0.0,0,3000,db_cluster,genotype,3000
limited_res__rep_1,db_cluster__ep_0p1__mp_5__mode_genotype,50000,0.0,0,3000,db_cluster,genotype,3000
limited_res__rep_1,db_cluster__ep_0p1__mp_5__mode_genotype,55000,0.0,0,3000,db_cluster,genotype,3000
limited_res__rep_1,db_cluster__ep_0p1__mp_5__mode_genotype,60000,0.0,0,3000,db_cluster,genotype,3000
limited_res__rep_1,db_cluster__ep_0p1__mp_5__mode_genotype,65000,0.0,0,3000,db_cluster,genotype,3000
limited_res__rep_1,db_cluster__ep_0p1__mp_5__mode_genotype,70000,0.0,0,3000,db_cluster,genotype,3000
limited_res__rep_1,db_cluster__ep_0p1__mp_5__mode_genotype,75000,0.0,0,3000,db_cluster,genotype,3000
limited_res__rep_1,db_cluster__ep_0p1__mp_5__mode_genotype,80000,0.0,0,3000,db_cluster,genotype,3000
limited_res__rep_1,db_cluster__ep_0p1__mp_5__mode_genotype,85000,0.0,0,3000,db_cluster,genotype,3000
limited_res__rep_1,db_cluster__ep_0p1__mp_5__mode_genotype,90000,0.0,0,3000,db_cluster,genotype,3000
limited_res__rep_1,db_cluster__ep_0p1__mp_5__mode_genotype,95000,0.0,0,3000,db_cluster,genotype,3000
limited_res__rep_1,db_cluster__ep_0p1__mp_5__mode_genotype,100000,0.0,0,3000,db_cluster,genotype,3000
limited_res__rep_1,db_cluster__ep_0p1__mp_5__mode_genotype,total,0.05,3000,57000,db_cluster,genotype,60000
limited_res__rep_1,db_cluster__ep_0p1__mp_5__mode_phenotype,10000,0.0546666666667,164,2836,db_cluster,phenotype,3000
limited_res__rep_1,db_cluster__ep_0p1__mp_5__mode_phenotype,15000,0.960666666667,2882,118,db_cluster,phenotype,3000
limited_res__rep_1,db_cluster__ep_0p1__mp_5__mode_phenotype,20000,0.875333333333,2626,374,db_cluster,phenotype,3000
limited_res__rep_1,db_cluster__ep_0p1__mp_5__mode_phenotype,25000,0.634666666667,1904,1096,db_cluster,phenotype,3000
limited_res__rep_1,db_cluster__ep_0p1__mp_5__mode_phenotype,30000,0.805666666667,2417,583,db_cluster,phenotype,3000
limited_res__rep_1,db_cluster__ep_0p1__mp_5__mode_phenotype,35000,0.893333333333,2680,320,db_cluster,phenotype,3000
limited_res__rep_1,db_cluster__ep_0p1__mp_5__mode_phenotype,40000,0.874,2622,378,db_cluster,phenotype,3000
limited_res__rep_1,db_cluster__ep_0p1__mp_5__mode_phenotype,45000,0.822,2466,534,db_cluster,phenotype,3000
limited_res__rep_1,db_cluster__ep_0p1__mp_5__mode_phenotype,50000,0.873333333333,2620,380,db_cluster,phenotype,3000
limited_res__rep_1,db_cluster__ep_0p1__mp_5__mode_phenotype,55000,0.825666666667,2477,523,db_cluster,phenotype,3000
limited_res__rep_1,db_cluster__ep_0p1__mp_5__mode_phenotype,60000,0.922333333333,2767,233,db_cluster,phenotype,3000
limited_res__rep_1,db_cluster__ep_0p1__mp_5__mode_phenotype,65000,0.925333333333,2776,224,db_cluster,phenotype,3000
limited_res__rep_1,db_cluster__ep_0p1__mp_5__mode_phenotype,70000,0.844666666667,2534,466,db_cluster,phenotype,3000
limited_res__rep_1,db_cluster__ep_0p1__mp_5__mode_phenotype,75000,0.580333333333,1741,1259,db_cluster,phenotype,3000
limited_res__rep_1,db_cluster__ep_0p1__mp_5__mode_phenotype,80000,0.392,1176,1824,db_cluster,phenotype,3000
limited_res__rep_1,db_cluster__ep_0p1__mp_5__mode_phenotype,85000,0.403333333333,1210,1790,db_cluster,phenotype,3000
limited_res__rep_1,db_cluster__ep_0p1__mp_5__mode_phenotype,90000,0.506,1518,1482,db_cluster,phenotype,3000
limited_res__rep_1,db_cluster__ep_0p1__mp_5__mode_phenotype,95000,0.514,1542,1458,db_cluster,phenotype,3000
limited_res__rep_1,db_cluster__ep_0p1__mp_5__mode_phenotype,100000,0.520666666667,1562,1438,db_cluster,phenotype,3000
limited_res__rep_1,db_cluster__ep_0p1__mp_5__mode_phenotype,total,0.7114,42684,17316,db_cluster,phenotype,60000
limited_res__rep_1,spec_cluster__nc_6__mode_both,10000,0.0546666666667,164,2836,spec_cluster,both,3000
limited_res__rep_1,spec_cluster__nc_6__mode_both,15000,0.953333333333,2860,140,spec_cluster,both,3000
limited_res__rep_1,spec_cluster__nc_6__mode_both,20000,0.947,2841,159,spec_cluster,both,3000
limited_res__rep_1,spec_cluster__nc_6__mode_both,25000,0.635333333333,1906,1094,spec_cluster,both,3000
limited_res__rep_1,spec_cluster__nc_6__mode_both,30000,0.826666666667,2480,520,spec_cluster,both,3000
limited_res__rep_1,spec_cluster__nc_6__mode_both,35000,0.918333333333,2755,245,spec_cluster,both,3000
limited_res__rep_1,spec_cluster__nc_6__mode_both,40000,0.877333333333,2632,368,spec_cluster,both,3000
limited_res__rep_1,spec_cluster__nc_6__mode_both,45000,0.846333333333,2539,461,spec_cluster,both,3000
limited_res__rep_1,spec_cluster__nc_6__mode_both,50000,0.888,2664,336,spec_cluster,both,3000
limited_res__rep_1,spec_cluster__nc_6__mode_both,55000,0.829333333333,2488,512,spec_cluster,both,3000
limited_res__rep_1,spec_cluster__nc_6__mode_both,60000,0.931,2793,207,spec_cluster,both,3000
limited_res__rep_1,spec_cluster__nc_6__mode_both,65000,0.906666666667,2720,280,spec_cluster,both,3000
limited_res__rep_1,spec_cluster__nc_6__mode_both,70000,0.828666666667,2486,514,spec_cluster,both,3000
limited_res__rep_1,spec_cluster__nc_6__mode_both,75000,0.592333333333,1777,1223,spec_cluster,both,3000
limited_res__rep_1,spec_cluster__nc_6__mode_both,80000,0.396666666667,1190,1810,spec_cluster,both,3000
limited_res__rep_1,spec_cluster__nc_6__mode_both,85000,0.375333333333,1126,1874,spec_cluster,both,3000
limited_res__rep_1,spec_cluster__nc_6__mode_both,90000,0.460666666667,1382,1618,spec_cluster,both,3000
limited_res__rep_1,spec_cluster__nc_6__mode_both,95000,0.514333333333,1543,1457,spec_cluster,both,3000
limited_res__rep_1,spec_cluster__nc_6__mode_both,100000,0.49,1470,1530,spec_cluster,both,3000
limited_res__rep_1,spec_cluster__nc_6__mode_both,total,0.7136,42816,17184,spec_cluster,both,60000
limited_res__rep_1,spec_cluster__nc_6__mode_genotype,10000,0.626,1878,1122,spec_cluster,genotype,3000
limited_res__rep_1,spec_cluster__nc_6__mode_genotype,15000,0.589333333333,1768,1232,spec_cluster,genotype,3000
limited_res__rep_1,spec_cluster__nc_6__mode_genotype,20000,0.430666666667,1292,1708,spec_cluster,genotype,3000
limited_res__rep_1,spec_cluster__nc_6__mode_genotype,25000,0.617666666667,1853,1147,spec_cluster,genotype,3000
limited_res__rep_1,spec_cluster__nc_6__mode_genotype,30000,0.570333333333,1711,1289,spec_cluster,genotype,3000
limited_res__rep_1,spec_cluster__nc_6__mode_genotype,35000,0.727333333333,2182,818,spec_cluster,genotype,3000
limited_res__rep_1,spec_cluster__nc_6__mode_genotype,40000,0.696333333333,2089,911,spec_cluster,genotype,3000
limited_res__rep_1,spec_cluster__nc_6__mode_genotype,45000,0.567333333333,1702,1298,spec_cluster,genotype,3000
limited_res__rep_1,spec_cluster__nc_6__mode_genotype,50000,0.822,2466,534,spec_cluster,genotype,3000
limited_res__rep_1,spec_cluster__nc_6__mode_genotype,55000,0.383333333333,1150,1850,spec_cluster,genotype,3000
limited_res__rep_1,spec_cluster__nc_6__mode_genotype,60000,1.0,3000,0,spec_cluster,genotype,3000
limited_res__rep_1,spec_cluster__nc_6__mode_genotype,65000,0.109333333333,328,2672,spec_cluster,genotype,3000
limited_res__rep_1,spec_cluster__nc_6__mode_genotype,70000,0.145,435,2565,spec_cluster,genotype,3000
limited_res__rep_1,spec_cluster__nc_6__mode_genotype,75000,0.94,2820,180,spec_cluster,genotype,3000
limited_res__rep_1,spec_cluster__nc_6__mode_genotype,80000,0.898333333333,2695,305,spec_cluster,genotype,3000
limited_res__rep_1,spec_cluster__nc_6__mode_genotype,85000,0.192,576,2424,spec_cluster,genotype,3000
limited_res__rep_1,spec_cluster__nc_6__mode_genotype,90000,0.107666666667,323,2677,spec_cluster,genotype,3000
limited_res__rep_1,spec_cluster__nc_6__mode_genotype,95000,0.549333333333,1648,1352,spec_cluster,genotype,3000
limited_res__rep_1,spec_cluster__nc_6__mode_genotype,100000,0.468666666667,1406,1594,spec_cluster,genotype,3000
limited_res__rep_1,spec_cluster__nc_6__mode_genotype,total,0.572033333333,34322,25678,spec_cluster,genotype,60000
limited_res__rep_1,spec_cluster__nc_6__mode_phenotype,10000,0.101333333333,304,2696,spec_cluster,phenotype,3000
limited_res__rep_1,spec_cluster__nc_6__mode_phenotype,15000,0.973333333333,2920,80,spec_cluster,phenotype,3000
limited_res__rep_1,spec_cluster__nc_6__mode_phenotype,20000,0.907666666667,2723,277,spec_cluster,phenotype,3000
limited_res__rep_1,spec_cluster__nc_6__mode_phenotype,25000,0.637,1911,1089,spec_cluster,phenotype,3000
limited_res__rep_1,spec_cluster__nc_6__mode_phenotype,30000,0.808,2424,576,spec_cluster,phenotype,3000
limited_res__rep_1,spec_cluster__nc_6__mode_phenotype,35000,0.897,2691,309,spec_cluster,phenotype,3000
limited_res__rep_1,spec_cluster__nc_6__mode_phenotype,40000,0.878333333333,2635,365,spec_cluster,phenotype,3000
limited_res__rep_1,spec_cluster__nc_6__mode_phenotype,45000,0.843666666667,2531,469,spec_cluster,phenotype,3000
limited_res__rep_1,spec_cluster__nc_6__mode_phenotype,50000,0.882,2646,354,spec_cluster,phenotype,3000
limited_res__rep_1,spec_cluster__nc_6__mode_phenotype,55000,0.846666666667,2540,460,spec_cluster,phenotype,3000
limited_res__rep_1,spec_cluster__nc_6__mode_phenotype,60000,0.948666666667,2846,154,spec_cluster,phenotype,3000
limited_res__rep_1,spec_cluster__nc_6__mode_phenotype,65000,0.934333333333,2803,197,spec_cluster,phenotype,3000
limited_res__rep_1,spec_cluster__nc_6__mode_phenotype,70000,0.851666666667,2555,445,spec_cluster,phenotype,3000
limited_res__rep_1,spec_cluster__nc_6__mode_phenotype,75000,0.590666666667,1772,1228,spec_cluster,phenotype,3000
limited_res__rep_1,spec_cluster__nc_6__mode_phenotype,80000,0.402333333333,1207,1793,spec_cluster,phenotype,3000
limited_res__rep_1,spec_cluster__nc_6__mode_phenotype,85000,0.408,1224,1776,spec_cluster,phenotype,3000
limited_res__rep_1,spec_cluster__nc_6__mode_phenotype,90000,0.51,1530,1470,spec_cluster,phenotype,3000
limited_res__rep_1,spec_cluster__nc_6__mode_phenotype,95000,0.507666666667,1523,1477,spec_cluster,phenotype,3000
limited_res__rep_1,spec_cluster__nc_6__mode_phenotype,100000,0.524,1572,1428,spec_cluster,phenotype,3000
limited_res__rep_1,spec_cluster__nc_6__mode_phenotype,total,0.722616666667,43357,16643,spec_cluster,phenotype,60000
limited_res__rep_2,db_cluster__ep_0p1__mp_5__mode_both,10000,0.0,0,3000,db_cluster,both,3000
limited_res__rep_2,db_cluster__ep_0p1__mp_5__mode_both,15000,0.0,0,3000,db_cluster,both,3000
limited_res__rep_2,db_cluster__ep_0p1__mp_5__mode_both,20000,0.0,0,3000,db_cluster,both,3000
limited_res__rep_2,db_cluster__ep_0p1__mp_5__mode_both,25000,0.0,0,3000,db_cluster,both,3000
limited_res__rep_2,db_cluster__ep_0p1__mp_5__mode_both,30000,0.327333333333,982,2018,db_cluster,both,3000
limited_res__rep_2,db_cluster__ep_0p1__mp_5__mode_both,35000,0.617,1851,1149,db_cluster,both,3000
limited_res__rep_2,db_cluster__ep_0p1__mp_5__mode_both,40000,0.0,0,3000,db_cluster,both,3000
limited_res__rep_2,db_cluster__ep_0p1__mp_5__mode_both,45000,0.00266666666667,8,2992,db_cluster,both,3000
limited_res__rep_2,db_cluster__ep_0p1__mp_5__mode_both,50000,0.0626666666667,188,2812,db_cluster,both,3000
limited_res__rep_2,db_cluster__ep_0p1__mp_5__mode_both,55000,0.0,0,3000,db_cluster,both,3000
limited_res__rep_2,db_cluster__ep_0p1__mp_5__mode_both,60000,0.0,0,3000,db_cluster,both,3000
limited_res__rep_2,db_cluster__ep_0p1__mp_5__mode_both,65000,0.0,0,3000,db_cluster,both,3000
limited_res__rep_2,db_cluster__ep_0p1__mp_5__mode_both,70000,0.0,0,3000,db_cluster,both,3000
limited_res__rep_2,db_cluster__ep_0p1__mp_5__mode_both,75000,0.0,0,3000,db_cluster,both,3000
limited_res__rep_2,db_cluster__ep_0p1__mp_5__mode_both,80000,0.0,0,3000,db_cluster,both,3000
limited_res__rep_2,db_cluster__ep_0p1__mp_5__mode_both,85000,0.0,0,3000,db_cluster,both,3000
limited_res__rep_2,db_cluster__ep_0p1__mp_5__mode_both,90000,0.0,0,3000,db_cluster,both,3000
limited_res__rep_2,db_cluster__ep_0p1__mp_5__mode_both,95000,0.0,0,3000,db_cluster,both,3000
limited_res__rep_2,db_cluster__ep_0p1__mp_5__mode_both,100000,0.0,0,3000,db_cluster,both,3000
limited_res__rep_2,db_cluster__ep_0p1__mp_5__mode_both,total,0.100483333333,6029,53971,db_cluster,both,60000
limited_res__rep_2,db_cluster__ep_0p1__mp_5__mode_genotype,10000,0.0,0,3000,db_cluster,genotype,3000
limited_res__rep_2,db_cluster__ep_0p1__mp_5__mode_genotype,15000,0.0,0,3000,db_cluster,genotype,3000
limited_res__rep_2,db_cluster__ep_0p1__mp_5__mode_genotype,20000,0.0,0,3000,db_cluster,genotype,3000
limited_res__rep_2,db_cluster__ep_0p1__mp_5__mode_genotype,25000,0.0,0,3000,db_cluster,genotype,3000
limited_res__rep_2,db_cluster__ep_0p1__mp_5__mode_genotype,30000,0.0,0,3000,db_cluster,genotype,3000
limited_res__rep_2,db_cluster__ep_0p1__mp_5__mode_genotype,35000,0.0,0,3000,db_cluster,genotype,3000
limited_res__rep_2,db_cluster__ep_0p1__mp_5__mode_genotype,40000,0.0,0,3000,db_cluster,genotype,3000
limited_res__rep_2,db_cluster__ep_0p1__mp_5__mode_genotype,45000,0.0,0,3000,db_cluster,genotype,3000
limited_res__rep_2,db_cluster__ep_0p1__mp_5__mode_genotype,50000,0.0,0,3000,db_cluster,genotype,3000
limited_res__rep_2,db_cluster__ep_0p1__mp_5__mode_genotype,55000,0.0,0,3000,db_cluster,genotype,3000
limited_res__rep_2,db_cluster__ep_0p1__mp_5__mode_genotype,60000,0.0,0,3000,db_cluster,genotype,3000
limited_res__rep_2,db_cluster__ep_0p1__mp_5__mode_genotype,65000,0.0,0,3000,db_cluster,genotype,3000
limited_res__rep_2,db_cluster__ep_0p1__mp_5__mode_genotype,70000,0.0,0,3000,db_cluster,genotype,3000
limited_res__rep_2,db_cluster__ep_0p1__mp_5__mode_genotype,75000,0.0,0,3000,db_cluster,genotype,3000
limited_res__rep_2,db_cluster__ep_0p1__mp_5__mode_genotype,80000,0.0,0,3000,db_cluster,genotype,3000
limited_res__rep_2,db_cluster__ep_0p1__mp_5__mode_genotype,85000,0.0,0,3000,db_cluster,genotype,3000
limited_res__rep_2,db_cluster__ep_0p1__mp_5__mode_genotype,90000,0.0,0,3000,db_cluster,genotype,3000
limited_res__rep_2,db_cluster__ep_0p1__mp_5__mode_genotype,95000,0.0,0,3000,db_cluster,genotype,3000
limited_res__rep_2,db_cluster__ep_0p1__mp_5__mode_genotype,100000,0.0,0,3000,db_cluster,genotype,3000
limited_res__rep_2,db_cluster__ep_0p1__mp_5__mode_genotype,total,0.05,3000,57000,db_cluster,genotype,60000
limited_res__rep_2,db_cluster__ep_0p1__mp_5__mode_phenotype,10000,0.0793333333333,238,2762,db_cluster,phenotype,3000
limited_res__rep_2,db_cluster__ep_0p1__mp_5__mode_phenotype,15000,0.352666666667,1058,1942,db_cluster,phenotype,3000
limited_res__rep_2,db_cluster__ep_0p1__mp_5__mode_phenotype,20000,0.348666666667,1046,1954,db_cluster,phenotype,3000
limited_res__rep_2,db_cluster__ep_0p1__mp_5__mode_phenotype,25000,0.413666666667,1241,1759,db_cluster,phenotype,3000
limited_res__rep_2,db_cluster__ep_0p1__mp_5__mode_phenotype,30000,0.314,942,2058,db_cluster,phenotype,3000
limited_res__rep_2,db_cluster__ep_0p1__mp_5__mode_phenotype,35000,0.337666666667,1013,1987,db_cluster,phenotype,3000
limited_res__rep_2,db_cluster__ep_0p1__mp_5__mode_phenotype,40000,0.414666666667,1244,1756,db_cluster,phenotype,3000
limited_res__rep_2,db_cluster__ep_0p1__mp_5__mode_phenotype,45000,0.383,1149,1851,db_cluster,phenotype,3000
limited_res__rep_2,db_cluster__ep_0p1__mp_5__mode_phenotype,50000,0.247,741,2259,db_cluster,phenotype,3000
limited_res__rep_2,db_cluster__ep_0p1__mp_5__mode_phenotype,55000,0.217,651,2349,db_cluster,phenotype,3000
limited_res__rep_2,db_cluster__ep_0p1__mp_5__mode_phenotype,60000,0.251666666667,755,2245,db_cluster,phenotype,3000
limited_res__rep_2,db_cluster__ep_0p1__mp_5__mode_phenotype,65000,0.190666666667,572,2428,db_cluster,phenotype,3000
limited_res__rep_2,db_cluster__ep_0p1__mp_5__mode_phenotype,70000,0.284666666667,854,2146,db_cluster,phenotype,3000
limited_res__rep_2,db_cluster__ep_0p1__mp_5__mode_phenotype,75000,0.202666666667,608,2392,db_cluster,phenotype,3000
limited_res__rep_2,db_cluster__ep_0p1__mp_5__mode_phenotype,80000,0.216666666667,650,2350,db_cluster,phenotype,3000
limited_res__rep_2,db_cluster__ep_0p1__mp_5__mode_phenotype,85000,0.302333333333,907,2093,db_cluster,phenotype,3000
limited_res__rep_2,db_cluster__ep_0p1__mp_5__mode_phenotype,90000,0.269333333333,808,2192,db_cluster,phenotype,3000
limited_res__rep_2,db_cluster__ep_0p1__mp_5__mode_phenotype,95000,0.301666666667,905,2095,db_cluster,phenotype,3000
limited_res__rep_2,db_cluster__ep_0p1__mp_5__mode_phenotype,100000,0.142,426,2574,db_cluster,phenotype,3000
limited_res__rep_2,db_cluster__ep_0p1__mp_5__mode_phenotype,total,0.313466666667,18808,41192,db_cluster,phenotype,60000
limited_res__rep_2,spec_cluster__nc_6__mode_both,10000,0.297,891,2109,spec_cluster,both,3000
limited_res__rep_2,spec_cluster__nc_6__mode_both,15000,0.323,969,2031,spec_cluster,both,3000
limited_res__rep_2,spec_cluster__nc_6__mode_both,20000,0.385333333333,1156,1844,spec_cluster,both,3000
limited_res__rep_2,spec_cluster__nc_6__mode_both,25000,0.419333333333,1258,1742,spec_cluster,both,3000
limited_res__rep_2,spec_cluster__nc_6__mode_both,30000,0.242333333333,727,2273,spec_cluster,both,3000
limited_res__rep_2,spec_cluster__nc_6__mode_both,35000,0.417666666667,1253,1747,spec_cluster,both,3000
limited_res__rep_2,spec_cluster__nc_6__mode_both,40000,0.438,1314,1686,spec_cluster,both,3000
limited_res__rep_2,spec_cluster__nc_6__mode_both,45000,0.426666666667,1280,1720,spec_cluster,both,3000
limited_res__rep_2,spec_cluster__nc_6__mode_both,50000,0.203,609,2391,spec_cluster,both,3000
limited_res__rep_2,spec_cluster__nc_6__mode_both,55000,0.222666666667,668,2332,spec_cluster,both,3000
limited_res__rep_2,spec_cluster__nc_6__mode_both,60000,0.257,771,2229,spec_cluster,both,3000
limited_res__rep_2,spec_cluster__nc_6__mode_both,65000,0.243333333333,730,2270,spec_cluster,both,3000
limited_res__rep_2,spec_cluster__nc_6__mode_both,70000,0.283333333333,850,2150,spec_cluster,both,3000
limited_res__rep_2,spec_cluster__nc_6__mode_both,75000,0.295333333333,886,2114,spec_cluster,both,3000
limited_res__rep_2,spec_cluster__nc_6__mode_both,80000,0.437333333333,1312,1688,spec_cluster,both,3000
limited_res__rep_2,spec_cluster__nc_6__mode_both,85000,0.341,1023,1977,spec_cluster,both,3000
limited_res__rep_2,spec_cluster__nc_6__mode_both,90000,0.316666666667,950,2050,spec_cluster,both,3000
limited_res__rep_2,spec_cluster__nc_6__mode_both,95000,0.338,1014,1986,spec_cluster,both,3000
limited_res__rep_2,spec_cluster__nc_6__mode_both,100000,0.211666666667,635,2365,spec_cluster,both,3000
limited_res__rep_2,spec_cluster__nc_6__mode_both,total,0.354933333333,21296,38704,spec_cluster,both,60000
limited_res__rep_2,spec_cluster__nc_6__mode_genotype,10000,0.229333333333,688,2312,spec_cluster,genotype,3000
limited_res__rep_2,spec_cluster__nc_6__mode_genotype,15000,0.749666666667,2249,751,spec_cluster,genotype,3000
limited_res__rep_2,spec_cluster__nc_6__mode_genotype,20000,0.209,627,2373,spec_cluster,genotype,3000
limited_res__rep_2,spec_cluster__nc_6__mode_genotype,25000,0.943,2829,171,spec_cluster,genotype,3000
limited_res__rep_2,spec_cluster__nc_6__mode_genotype,30000,1.0,3000,0,spec_cluster,genotype,3000
limited_res__rep_2,spec_cluster__nc_6__mode_genotype,35000,0.865333333333,2596,404,spec_cluster,genotype,3000
limited_res__rep_2,spec_cluster__nc_6__mode_genotype,40000,0.897333333333,2692,308,spec_cluster,genotype,3000
limited_res__rep_2,spec_cluster__nc_6__mode_genotype,45000,1.0,3000,0,spec_cluster,genotype,3000
limited_res__rep_2,spec_cluster__nc_6__mode_genotype,50000,0.301666666667,905,2095,spec_cluster,genotype,3000
limited_res__rep_2,spec_cluster__nc_6__mode_genotype,55000,0.145666666667,437,2563,spec_cluster,genotype,3000
limited_res__rep_2,spec_cluster__nc_6__mode_genotype,60000,0.157,471,2529,spec_cluster,genotype,3000
limited_res__rep_2,spec_cluster__nc_6__mode_genotype,65000,0.538,1614,1386,spec_cluster,genotype,3000
limited_res__rep_2,spec_cluster__nc_6__mode_genotype,70000,0.975666666667,2927,73,spec_cluster,genotype,3000
limited_res__rep_2,spec_cluster__nc_6__mode_genotype,75000,0.286666666667,860,2140,spec_cluster,genotype,3000
limited_res__rep_2,spec_cluster__nc_6__mode_genotype,80000,0.512666666667,1538,1462,spec_cluster,genotype,3000
limited_res__rep_2,spec_cluster__nc_6__mode_genotype,85000,0.986666666667,2960,40,spec_cluster,genotype,3000
limited_res__rep_2,spec_cluster__nc_6__mode_genotype,90000,0.986,2958,42,spec_cluster,genotype,3000
limited_res__rep_2,spec_cluster__nc_6__mode_genotype,95000,1.0,3000,0,spec_cluster,genotype,3000
limited_res__rep_2,spec_cluster__nc_6__mode_genotype,100000,0.157333333333,472,2528,spec_cluster,genotype,3000
limited_res__rep_2,spec_cluster__nc_6__mode_genotype,total,0.64705,38823,21177,spec_cluster,genotype,60000
limited_res__rep_2,spec_cluster__nc_6__mode_phenotype,10000,0.303333333333,910,2090,spec_cluster,phenotype,3000
limited_res__rep_2,spec_cluster__nc_6__mode_phenotype,15000,0.411,1233,1767,spec_cluster,phenotype,3000
limited_res__rep_2,spec_cluster__nc_6__mode_phenotype,20000,0.412333333333,1237,1763,spec_cluster,phenotype,3000
limited_res__rep_2,spec_cluster__nc_6__mode_phenotype,25000,0.400666666667,1202,1798,spec_cluster,phenotype,3000
limited_res__rep_2,spec_cluster__nc_6__mode_phenotype,30000,0.366666666667,1100,1900,spec_cluster,phenotype,3000
limited_res__rep_2,spec_cluster__nc_6__mode_phenotype,35000,0.454333333333,1363,1637,spec_cluster,phenotype,3000
limited_res__rep_2,spec_cluster__nc_6__mode_phenotype,40000,0.494666666667,1484,1516,spec_cluster,phenotype,3000
limited_res__rep_2,spec_cluster__nc_6__mode_phenotype,45000,0.545666666667,1637,1363,spec_cluster,phenotype,3000
limited_res__rep_2,spec_cluster__nc_6__mode_phenotype,50000,0.262333333333,787,2213,spec_cluster,phenotype,3000
limited_res__rep_2,spec_cluster__nc_6__mode_phenotype,55000,0.289,867,2133,spec_cluster,phenotype,3000
limited_res__rep_2,spec_cluster__nc_6__mode_phenotype,60000,0.267,801,2199,spec_cluster,phenotype,3000
limited_res__rep_2,spec_cluster__nc_6__mode_phenotype,65000,0.308666666667,926,2074,spec_cluster,phenotype,3000
limited_res__rep_2,spec_cluster__nc_6__mode_phenotype,70000,0.340333333333,1021,1979,spec_cluster,phenotype,3000
limited_res__rep_2,spec_cluster__nc_6__mode_phenotype,75000,0.302666666667,908,2092,spec_cluster,phenotype,3000
limited_res__rep_2,spec_cluster__nc_6__mode_phenotype,80000,0.449,1347,1653,spec_cluster,phenotype,3000
limited_res__rep_2,spec_cluster__nc_6__mode_phenotype,85000,0.459666666667,1379,1621,spec_cluster,phenotype,3000
limited_res__rep_2,spec_cluster__nc_6__mode_phenotype,90000,0.400666666667,1202,1798,spec_cluster,phenotype,3000
limited_res__rep_2,spec_cluster__nc_6__mode_phenotype,95000,0.463333333333,1390,1610,spec_cluster,phenotype,3000
limited_res__rep_2,spec_cluster__nc_6__mode_phenotype,100000,0.314666666667,944,2056,spec_cluster,phenotype,3000
limited_res__rep_2,spec_cluster__nc_6__mode_phenotype,total,0.4123,24738,35262,spec_cluster,phenotype,60000
limited_res__rep_3,db_cluster__ep_0p1__mp_5__mode_both,10000,0.0,0,3000,db_cluster,both,3000
limited_res__rep_3,db_cluster__ep_0p1__mp_5__mode_both,15000,0.0,0,3000,db_cluster,both,3000
limited_res__rep_3,db_cluster__ep_0p1__mp_5__mode_both,20000,0.0,0,3000,db_cluster,both,3000
limited_res__rep_3,db_cluster__ep_0p1__mp_5__mode_both,25000,0.0,0,3000,db_cluster,both,3000
limited_res__rep_3,db_cluster__ep_0p1__mp_5__mode_both,30000,0.0,0,3000,db_cluster,both,3000
limited_res__rep_3,db_cluster__ep_0p1__mp_5__mode_both,35000,0.0,0,3000,db_cluster,both,3000
limited_res__rep_3,db_cluster__ep_0p1__mp_5__mode_both,40000,0.0,0,3000,db_cluster,both,3000
limited_res__rep_3,db_cluster__ep_0p1__mp_5__mode_both,45000,0.0,0,3000,db_cluster,both,3000
limited_res__rep_3,db_cluster__ep_0p1__mp_5__mode_both,50000,0.0,0,3000,db_cluster,both,3000
limited_res__rep_3,db_cluster__ep_0p1__mp_5__mode_both,55000,0.0,0,3000,db_cluster,both,3000
limited_res__rep_3,db_cluster__ep_0p1__mp_5__mode_both,60000,0.0,0,3000,db_cluster,both,3000
limited_res__rep_3,db_cluster__ep_0p1__mp_5__mode_both,65000,0.0,0,3000,db_cluster,both,3000
limited_res__rep_3,db_cluster__ep_0p1__mp_5__mode_both,70000,0.0,0,3000,db_cluster,both,3000
limited_res__rep_3,db_cluster__ep_0p1__mp_5__mode_both,75000,0.0,0,3000,db_cluster,both,3000
limited_res__rep_3,db_cluster__ep_0p1__mp_5__mode_both,80000,0.0,0,3000,db_cluster,both,3000
limited_res__rep_3,db_cluster__ep_0p1__mp_5__mode_both,85000,0.0,0,3000,db_cluster,both,3000
limited_res__rep_3,db_cluster__ep_0p1__mp_5__mode_both,90000,0.0,0,3000,db_cluster,both,3000
limited_res__rep_3,db_cluster__ep_0p1__mp_5__mode_both,95000,0.0,0,3000,db_cluster,both,3000
limited_res__rep_3,db_cluster__ep_0p1__mp_5__mode_both,100000,0.0,0,3000,db_cluster,both,3000
limited_res__rep_3,db_cluster__ep_0p1__mp_5__mode_both,total,0.05,3000,57000,db_cluster,both,60000
limited_res__rep_3,db_cluster__ep_0p1__mp_5__mode_genotype,10000,0.0,0,3000,db_cluster,genotype,3000
limited_res__rep_3,db_cluster__ep_0p1__mp_5__mode_genotype,15000,0.0,0,3000,db_cluster,genotype,3000
limited_res__rep_3,db_cluster__ep_0p1__mp_5__mode_genotype,20000,0.0,0,3000,db_cluster,genotype,3000
limited_res__rep_3,db_cluster__ep_0p1__mp_5__mode_genotype,25000,0.0,0,3000,db_cluster,genotype,3000
limited_res__rep_3,db_cluster__ep_0p1__mp_5__mode_genotype,30000,0.0,0,3000,db_cluster,genotype,3000
limited_res__rep_3,db_cluster__ep_0p1__mp_5__mode_genotype,35000,0.0,0,3000,db_cluster,genotype,3000
limited_res__rep_3,db_cluster__ep_0p1__mp_5__mode_genotype,40000,0.0,0,3000,db_cluster,genotype,3000
limited_res__rep_3,db_cluster__ep_0p1__mp_5__mode_genotype,45000,0.0,0,3000,db_cluster,genotype,3000
limited_res__rep_3,db_cluster__ep_0p1__mp_5__mode_genotype,50000,0.0,0,3000,db_cluster,genotype,3000
limited_res__rep_3,db_cluster__ep_0p1__mp_5__mode_genotype,55000,0.0,0,3000,db_cluster,genotype,3000
limited_res__rep_3,db_cluster__ep_0p1__mp_5__mode_genotype,60000,0.0,0,3000,db_cluster,genotype,3000
limited_res__rep_3,db_cluster__ep_0p1__mp_5__mode_genotype,65000,0.0,0,3000,db_cluster,genotype,3000
limited_res__rep_3,db_cluster__ep_0p1__mp_5__mode_genotype,70000,0.0,0,3000,db_cluster,genotype,3000
limited_res__rep_3,db_cluster__ep_0p1__mp_5__mode_genotype,75000,0.0,0,3000,db_cluster,genotype,3000
limited_res__rep_3,db_cluster__ep_0p1__mp_5__mode_genotype,80000,0.0,0,3000,db_cluster,genotype,3000
limited_res__rep_3,db_cluster__ep_0p1__mp_5__mode_genotype,85000,0.0,0,3000,db_cluster,genotype,3000
limited_res__rep_3,db_cluster__ep_0p1__mp_5__mode_genotype,90000,0.0,0,3000,db_cluster,genotype,3000
limited_res__rep_3,db_cluster__ep_0p1__mp_5__mode_genotype,95000,0.0,0,3000,db_cluster,genotype,3000
limited_res__rep_3,db_cluster__ep_0p1__mp_5__mode_genotype,100000,0.0,0,3000,db_cluster,genotype,3000
limited_res__rep_3,db_cluster__ep_0p1__mp_5__mode_genotype,total,0.05,3000,57000,db_cluster,genotype,60000
limited_res__rep_3,db_cluster__ep_0p1__mp_5__mode_phenotype,10000,0.00833333333333,25,2975,db_cluster,phenotype,3000
limited_res__rep_3,db_cluster__ep_0p1__mp_5__mode_phenotype,15000,0.236,708,2292,db_cluster,phenotype,3000
limited_res__rep_3,db_cluster__ep_0p1__mp_5__mode_phenotype,20000,0.108333333333,325,2675,db_cluster,phenotype,3000
limited_res__rep_3,db_cluster__ep_0p1__mp_5__mode_phenotype,25000,0.123333333333,370,2630,db_cluster,phenotype,3000
limited_res__rep_3,db_cluster__ep_0p1__mp_5__mode_phenotype,30000,0.271333333333,814,2186,db_cluster,phenotype,3000
limited_res__rep_3,db_cluster__ep_0p1__mp_5__mode_phenotype,35000,0.370333333333,1111,1889,db_cluster,phenotype,3000
limited_res__rep_3,db_cluster__ep_0p1__mp_5__mode_phenotype,40000,0.189,567,2433,db_cluster,phenotype,3000
limited_res__rep_3,db_cluster__ep_0p1__mp_5__mode_phenotype,45000,0.0773333333333,232,2768,db_cluster,phenotype,3000
limited_res__rep_3,db_cluster__ep_0p1__mp_5__mode_phenotype,50000,0.191,573,2427,db_cluster,phenotype,3000
limited_res__rep_3,db_cluster__ep_0p1__mp_5__mode_phenotype,55000,0.171333333333,514,2486,db_cluster,phenotype,3000
limited_res__rep_3,db_cluster__ep_0p1__mp_5__mode_phenotype,60000,0.223,669,2331,db_cluster,phenotype,3000
limited_res__rep_3,db_cluster__ep_0p1__mp_5__mode_phenotype,65000,0.137,411,2589,db_cluster,phenotype,3000
limited_res__rep_3,db_cluster__ep_0p1__mp_5__mode_phenotype,70000,0.149666666667,449,2551,db_cluster,phenotype,3000
limited_res__rep_3,db_cluster__ep_0p1__mp_5__mode_phenotype,75000,0.0106666666667,32,2968,db_cluster,phenotype,3000
limited_res__rep_3,db_cluster__ep_0p1__mp_5__mode_phenotype,80000,0.113666666667,341,2659,db_cluster,phenotype,3000
limited_res__rep_3,db_cluster__ep_0p1__mp_5__mode_phenotype,85000,0.06,180,2820,db_cluster,phenotype,3000
limited_res__rep_3,db_cluster__ep_0p1__mp_5__mode_phenotype,90000,0.153666666667,461,2539,db_cluster,phenotype,3000
limited_res__rep_3,db_cluster__ep_0p1__mp_5__mode_phenotype,95000,0.197,591,2409,db_cluster,phenotype,3000
limited_res__rep_3,db_cluster__ep_0p1__mp_5__mode_phenotype,100000,0.0696666666667,209,2791,db_cluster,phenotype,3000
limited_res__rep_3,db_cluster__ep_0p1__mp_5__mode_phenotype,total,0.193033333333,11582,48418,db_cluster,phenotype,60000
limited_res__rep_3,spec_cluster__nc_6__mode_both,10000,0.0936666666667,281,2719,spec_cluster,both,3000
limited_res__rep_3,spec_cluster__nc_6__mode_both,15000,0.299333333333,898,2102,spec_cluster,both,3000
limited_res__rep_3,spec_cluster__nc_6__mode_both,20000,0.255,765,2235,spec_cluster,both,3000
limited_res__rep_3,spec_cluster__nc_6__mode_both,25000,0.183333333333,550,2450,spec_cluster,both,3000
limited_res__rep_3,spec_cluster__nc_6__mode_both,30000,0.355333333333,1066,1934,spec_cluster,both,3000
limited_res__rep_3,spec_cluster__nc_6__mode_both,35000,0.353333333333,1060,1940,spec_cluster,both,3000
limited_res__rep_3,spec_cluster__nc_6__mode_both,40000,0.327,981,2019,spec_cluster,both,3000
limited_res__rep_3,spec_cluster__nc_6__mode_both,45000,0.22,660,2340,spec_cluster,both,3000
limited_res__rep_3,spec_cluster__nc_6__mode_both,50000,0.191666666667,575,2425,spec_cluster,both,3000
limited_res__rep_3,spec_cluster__nc_6__mode_both,55000,0.236,708,2292,spec_cluster,both,3000
limited_res__rep_3,spec_cluster__nc_6__mode_both,60000,0.235333333333,706,2294,spec_cluster,both,3000
limited_res__rep_3,spec_cluster__nc_6__mode_both,65000,0.284,852,2148,spec_cluster,both,3000
limited_res__rep_3,spec_cluster__nc_6__mode_both,70000,0.306,918,2082,spec_cluster,both,3000
limited_res__rep_3,spec_cluster__nc_6__mode_both,75000,0.192,576,2424,spec_cluster,both,3000
limited_res__rep_3,spec_cluster__nc_6__mode_both,80000,0.177333333333,532,2468,spec_cluster,both,3000
limited_res__rep_3,spec_cluster__nc_6__mode_both,85000,0.343,1029,1971,spec_cluster,both,3000
limited_res__rep_3,spec_cluster__nc_6__mode_both,90000,0.209,627,2373,spec_cluster,both,3000
limited_res__rep_3,spec_cluster__nc_6__mode_both,95000,0.286666666667,860,2140,spec_cluster,both,3000
limited_res__rep_3,spec_cluster__nc_6__mode_both,100000,0.276666666667,830,2170,spec_cluster,both,3000
limited_res__rep_3,spec_cluster__nc_6__mode_both,total,0.291233333333,17474,42526,spec_cluster,both,60000
limited_res__rep_3,spec_cluster__nc_6__mode_genotype,10000,0.0,0,3000,spec_cluster,genotype,3000
limited_res__rep_3,spec_cluster__nc_6__mode_genotype,15000,0.0,0,3000,spec_cluster,genotype,3000
limited_res__rep_3,spec_cluster__nc_6__mode_genotype,20000,0.585,1755,1245,spec_cluster,genotype,3000
limited_res__rep_3,spec_cluster__nc_6__mode_genotype,25000,0.282666666667,848,2152,spec_cluster,genotype,3000
limited_res__rep_3,spec_cluster__nc_6__mode_genotype,30000,0.467,1401,1599,spec_cluster,genotype,3000
limited_res__rep_3,spec_cluster__nc_6__mode_genotype,35000,0.237,711,2289,spec_cluster,genotype,3000
limited_res__rep_3,spec_cluster__nc_6__mode_genotype,40000,0.0486666666667,146,2854,spec_cluster,genotype,3000
limited_res__rep_3,spec_cluster__nc_6__mode_genotype,45000,0.168333333333,505,2495,spec_cluster,genotype,3000
limited_res__rep_3,spec_cluster__nc_6__mode_genotype,50000,1.0,3000,0,spec_cluster,genotype,3000
limited_res__rep_3,spec_cluster__nc_6__mode_genotype,55000,0.235333333333,706,2294,spec_cluster,genotype,3000
limited_res__rep_3,spec_cluster__nc_6__mode_genotype,60000,0.459333333333,1378,1622,spec_cluster,genotype,3000
limited_res__rep_3,spec_cluster__nc_6__mode_genotype,65000,0.024,72,2928,spec_cluster,genotype,3000
limited_res__rep_3,spec_cluster__nc_6__mode_genotype,70000,0.272,816,2184,spec_cluster,genotype,3000
limited_res__rep_3,spec_cluster__nc_6__mode_genotype,75000,0.0,0,3000,spec_cluster,genotype,3000
limited_res__rep_3,spec_cluster__nc_6__mode_genotype,80000,0.224333333333,673,2327,spec_cluster,genotype,3000
limited_res__rep_3,spec_cluster__nc_6__mode_genotype,85000,0.121,363,2637,spec_cluster,genotype,3000
limited_res__rep_3,spec_cluster__nc_6__mode_genotype,90000,0.185,555,2445,spec_cluster,genotype,3000
limited_res__rep_3,spec_cluster__nc_6__mode_genotype,95000,0.227333333333,682,2318,spec_cluster,genotype,3000
limited_res__rep_3,spec_cluster__nc_6__mode_genotype,100000,0.11,330,2670,spec_cluster,genotype,3000
limited_res__rep_3,spec_cluster__nc_6__mode_genotype,total,0.28235,16941,43059,spec_cluster,genotype,60000
limited_res__rep_3,spec_cluster__nc_6__mode_phenotype,10000,0.102333333333,307,2693,spec_cluster,phenotype,3000
limited_res__rep_3,spec_cluster__nc_6__mode_phenotype,15000,0.361,1083,1917,spec_cluster,phenotype,3000
limited_res__rep_3,spec_cluster__nc_6__mode_phenotype,20000,0.162,486,2514,spec_cluster,phenotype,3000
limited_res__rep_3,spec_cluster__nc_6__mode_phenotype,25000,0.417333333333,1252,1748,spec_cluster,phenotype,3000
limited_res__rep_3,spec_cluster__nc_6__mode_phenotype,30000,0.272333333333,817,2183,spec_cluster,phenotype,3000
limited_res__rep_3,spec_cluster__nc_6__mode_phenotype,35000,0.387333333333,1162,1838,spec_cluster,phenotype,3000
limited_res__rep_3,spec_cluster__nc_6__mode_phenotype,40000,0.231,693,2307,spec_cluster,phenotype,3000
limited_res__rep_3,spec_cluster__nc_6__mode_phenotype,45000,0.249,747,2253,spec_cluster,phenotype,3000
limited_res__rep_3,spec_cluster__nc_6__mode_phenotype,50000,0.204666666667,614,2386,spec_cluster,phenotype,3000
limited_res__rep_3,spec_cluster__nc_6__mode_phenotype,55000,0.220333333333,661,2339,spec_cluster,phenotype,3000
limited_res__rep_3,spec_cluster__nc_6__mode_phenotype,60000,0.223,669,2331,spec_cluster,phenotype,3000
limited_res__rep_3,spec_cluster__nc_6__mode_phenotype,65000,0.255,765,2235,spec_cluster,phenotype,3000
limited_res__rep_3,spec_cluster__nc_6__mode_phenotype,70000,0.275333333333,826,2174,spec_cluster,phenotype,3000
limited_res__rep_3,spec_cluster__nc_6__mode_phenotype,75000,0.185666666667,557,2443,spec_cluster,phenotype,3000
limited_res__rep_3,spec_cluster__nc_6__mode_phenotype,80000,0.362333333333,1087,1913,spec_cluster,phenotype,3000
limited_res__rep_3,spec_cluster__nc_6__mode_phenotype,85000,0.347333333333,1042,1958,spec_cluster,phenotype,3000
limited_res__rep_3,spec_cluster__nc_6__mode_phenotype,90000,0.196666666667,590,2410,spec_cluster,phenotype,3000
limited_res__rep_3,spec_cluster__nc_6__mode_phenotype,95000,0.286666666667,860,2140,spec_cluster,phenotype,3000
limited_res__rep_3,spec_cluster__nc_6__mode_phenotype,100000,0.0566666666667,170,2830,spec_cluster,phenotype,3000
limited_res__rep_3,spec_cluster__nc_6__mode_phenotype,total,0.2898,17388,42612,spec_cluster,phenotype,60000
limited_res__rep_10,db_cluster__ep_0p1__mp_5__mode_both,10000,0.0,0,3000,db_cluster,both,3000
limited_res__rep_10,db_cluster__ep_0p1__mp_5__mode_both,15000,0.0,0,3000,db_cluster,both,3000
limited_res__rep_10,db_cluster__ep_0p1__mp_5__mode_both,20000,0.0,0,3000,db_cluster,both,3000
limited_res__rep_10,db_cluster__ep_0p1__mp_5__mode_both,25000,0.0,0,3000,db_cluster,both,3000
limited_res__rep_10,db_cluster__ep_0p1__mp_5__mode_both,30000,0.0,0,3000,db_cluster,both,3000
limited_res__rep_10,db_cluster__ep_0p1__mp_5__mode_both,35000,0.0,0,3000,db_cluster,both,3000
limited_res__rep_10,db_cluster__ep_0p1__mp_5__mode_both,40000,0.0,0,3000,db_cluster,both,3000
limited_res__rep_10,db_cluster__ep_0p1__mp_5__mode_both,45000,0.0,0,3000,db_cluster,both,3000
limited_res__rep_10,db_cluster__ep_0p1__mp_5__mode_both,50000,0.0,0,3000,db_cluster,both,3000
limited_res__rep_10,db_cluster__ep_0p1__mp_5__mode_both,55000,0.0,0,3000,db_cluster,both,3000
limited_res__rep_10,db_cluster__ep_0p1__mp_5__mode_both,60000,0.0,0,3000,db_cluster,both,3000
limited_res__rep_10,db_cluster__ep_0p1__mp_5__mode_both,65000,0.0,0,3000,db_cluster,both,3000
limited_res__rep_10,db_cluster__ep_0p1__mp_5__mode_both,70000,0.0,0,3000,db_cluster,both,3000
limited_res__rep_10,db_cluster__ep_0p1__mp_5__mode_both,75000,0.0,0,3000,db_cluster,both,3000
limited_res__rep_10,db_cluster__ep_0p1__mp_5__mode_both,80000,0.0,0,3000,db_cluster,both,3000
limited_res__rep_10,db_cluster__ep_0p1__mp_5__mode_both,85000,0.0,0,3000,db_cluster,both,3000
limited_res__rep_10,db_cluster__ep_0p1__mp_5__mode_both,90000,0.0,0,3000,db_cluster,both,3000
limited_res__rep_10,db_cluster__ep_0p1__mp_5__mode_both,95000,0.0,0,3000,db_cluster,both,3000
limited_res__rep_10,db_cluster__ep_0p1__mp_5__mode_both,100000,0.0,0,3000,db_cluster,both,3000
limited_res__rep_10,db_cluster__ep_0p1__mp_5__mode_both,total,0.05,3000,57000,db_cluster,both,60000
limited_res__rep_10,db_cluster__ep_0p1__mp_5__mode_genotype,10000,0.0,0,3000,db_cluster,genotype,3000
limited_res__rep_10,db_cluster__ep_0p1__mp_5__mode_genotype,15000,0.0,0,3000,db_cluster,genotype,3000
limited_res__rep_10,db_cluster__ep_0p1__mp_5__mode_genotype,20000,0.0,0,3000,db_cluster,genotype,3000
limited_res__rep_10,db_cluster__ep_0p1__mp_5__mode_genotype,25000,0.0,0,3000,db_cluster,genotype,3000
limited_res__rep_10,db_cluster__ep_0p1__mp_5__mode_genotype,30000,0.0,0,3000,db_cluster,genotype,3000
limited_res__rep_10,db_cluster__ep_0p1__mp_5__mode_genotype,35000,0.0,0,3000,db_cluster,genotype,3000
limited_res__rep_10,db_cluster__ep_0p1__mp_5__mode_genotype,40000,0.0,0,3000,db_cluster,genotype,3000
limited_res__rep_10,db_cluster__ep_0p1__mp_5__mode_genotype,45000,0.0,0,3000,db_cluster,genotype,3000
limited_res__rep_10,db_cluster__ep_0p1__mp_5__mode_genotype,50000,0.0,0,3000,db_cluster,genotype,3000
limited_res__rep_10,db_cluster__ep_0p1__mp_5__mode_genotype,55000,0.0,0,3000,db_cluster,genotype,3000
limited_res__rep_10,db_cluster__ep_0p1__mp_5__mode_genotype,60000,0.0,0,3000,db_cluster,genotype,3000
limited_res__rep_10,db_cluster__ep_0p1__mp_5__mode_genotype,65000,0.0,0,3000,db_cluster,genotype,3000
limited_res__rep_10,db_cluster__ep_0p1__mp_5__mode_genotype,70000,0.0,0,3000,db_cluster,genotype,3000
limited_res__rep_10,db_cluster__ep_0p1__mp_5__mode_genotype,75000,0.0,0,3000,db_cluster,genotype,3000
limited_res__rep_10,db_cluster__ep_0p1__mp_5__mode_genotype,80000,0.0,0,3000,db_cluster,genotype,3000
limited_res__rep_10,db_cluster__ep_0p1__mp_5__mode_genotype,85000,0.0,0,3000,db_cluster,genotype,3000
limited_res__rep_10,db_cluster__ep_0p1__mp_5__mode_genotype,90000,0.0,0,3000,db_cluster,genotype,3000
limited_res__rep_10,db_cluster__ep_0p1__mp_5__mode_genotype,95000,0.0,0,3000,db_cluster,genotype,3000
limited_res__rep_10,db_cluster__ep_0p1__mp_5__mode_genotype,100000,0.0,0,3000,db_cluster,genotype,3000
limited_res__rep_10,db_cluster__ep_0p1__mp_5__mode_genotype,total,0.05,3000,57000,db_cluster,genotype,60000
limited_res__rep_10,db_cluster__ep_0p1__mp_5__mode_phenotype,10000,0.0223333333333,67,2933,db_cluster,phenotype,3000
limited_res__rep_10,db_cluster__ep_0p1__mp_5__mode_phenotype,15000,0.08,240,2760,db_cluster,phenotype,3000
limited_res__rep_10,db_cluster__ep_0p1__mp_5__mode_phenotype,20000,0.0413333333333,124,2876,db_cluster,phenotype,3000
limited_res__rep_10,db_cluster__ep_0p1__mp_5__mode_phenotype,25000,0.134,402,2598,db_cluster,phenotype,3000
limited_res__rep_10,db_cluster__ep_0p1__mp_5__mode_phenotype,30000,0.287666666667,863,2137,db_cluster,phenotype,3000
limited_res__rep_10,db_cluster__ep_0p1__mp_5__mode_phenotype,35000,0.309333333333,928,2072,db_cluster,phenotype,3000
limited_res__rep_10,db_cluster__ep_0p1__mp_5__mode_phenotype,40000,0.407666666667,1223,1777,db_cluster,phenotype,3000
limited_res__rep_10,db_cluster__ep_0p1__mp_5__mode_phenotype,45000,0.272666666667,818,2182,db_cluster,phenotype,3000
limited_res__rep_10,db_cluster__ep_0p1__mp_5__mode_phenotype,50000,0.258666666667,776,2224,db_cluster,phenotype,3000
limited_res__rep_10,db_cluster__ep_0p1__mp_5__mode_phenotype,55000,0.368,1104,1896,db_cluster,phenotype,3000
limited_res__rep_10,db_cluster__ep_0p1__mp_5__mode_phenotype,60000,0.273,819,2181,db_cluster,phenotype,3000
limited_res__rep_10,db_cluster__ep_0p1__mp_5__mode_phenotype,65000,0.0386666666667,116,2884,db_cluster,phenotype,3000
limited_res__rep_10,db_cluster__ep_0p1__mp_5__mode_phenotype,70000,0.227,681,2319,db_cluster,phenotype,3000
limited_res__rep_10,db_cluster__ep_0p1__mp_5__mode_phenotype,75000,0.187,561,2439,db_cluster,phenotype,3000
limited_res__rep_10,db_cluster__ep_0p1__mp_5__mode_phenotype,80000,0.662666666667,1988,1012,db_cluster,phenotype,3000
limited_res__rep_10,db_cluster__ep_0p1__mp_5__mode_phenotype,85000,0.324,972,2028,db_cluster,phenotype,3000
limited_res__rep_10,db_cluster__ep_0p1__mp_5__mode_phenotype,90000,0.889,2667,333,db_cluster,phenotype,3000
limited_res__rep_10,db_cluster__ep_0p1__mp_5__mode_phenotype,95000,0.324666666667,974,2026,db_cluster,phenotype,3000
limited_res__rep_10,db_cluster__ep_0p1__mp_5__mode_phenotype,100000,0.649,1947,1053,db_cluster,phenotype,3000
limited_res__rep_10,db_cluster__ep_0p1__mp_5__mode_phenotype,total,0.337833333333,20270,39730,db_cluster,phenotype,60000
limited_res__rep_10,spec_cluster__nc_6__mode_both,10000,0.078,234,2766,spec_cluster,both,3000
limited_res__rep_10,spec_cluster__nc_6__mode_both,15000,0.144,432,2568,spec_cluster,both,3000
limited_res__rep_10,spec_cluster__nc_6__mode_both,20000,0.179,537,2463,spec_cluster,both,3000
limited_res__rep_10,spec_cluster__nc_6__mode_both,25000,0.324333333333,973,2027,spec_cluster,both,3000
limited_res__rep_10,spec_cluster__nc_6__mode_both,30000,0.371333333333,1114,1886,spec_cluster,both,3000
limited_res__rep_10,spec_cluster__nc_6__mode_both,35000,0.333,999,2001,spec_cluster,both,3000
limited_res__rep_10,spec_cluster__nc_6__mode_both,40000,0.402333333333,1207,1793,spec_cluster,both,3000
limited_res__rep_10,spec_cluster__nc_6__mode_both,45000,0.264333333333,793,2207,spec_cluster,both,3000
limited_res__rep_10,spec_cluster__nc_6__mode_both,50000,0.248,744,2256,spec_cluster,both,3000
limited_res__rep_10,spec_cluster__nc_6__mode_both,55000,0.354666666667,1064,1936,spec_cluster,both,3000
limited_res__rep_10,spec_cluster__nc_6__mode_both,60000,0.273,819,2181,spec_cluster,both,3000
limited_res__rep_10,spec_cluster__nc_6__mode_both,65000,0.0673333333333,202,2798,spec_cluster,both,3000
limited_res__rep_10,spec_cluster__nc_6__mode_both,70000,0.228333333333,685,2315,spec_cluster,both,3000
limited_res__rep_10,spec_cluster__nc_6__mode_both,75000,0.180333333333,541,2459,spec_cluster,both,3000
limited_res__rep_10,spec_cluster__nc_6__mode_both,80000,0.665333333333,1996,1004,spec_cluster,both,3000
limited_res__rep_10,spec_cluster__nc_6__mode_both,85000,0.301,903,2097,spec_cluster,both,3000
limited_res__rep_10,spec_cluster__nc_6__mode_both,90000,0.889,2667,333,spec_cluster,both,3000
limited_res__rep_10,spec_cluster__nc_6__mode_both,95000,0.324666666667,974,2026,spec_cluster,both,3000
limited_res__rep_10,spec_cluster__nc_6__mode_both,100000,0.633,1899,1101,spec_cluster,both,3000
limited_res__rep_10,spec_cluster__nc_6__mode_both,total,0.36305,21783,38217,spec_cluster,both,60000
limited_res__rep_10,spec_cluster__nc_6__mode_genotype,10000,0.0,0,3000,spec_cluster,genotype,3000
limited_res__rep_10,spec_cluster__nc_6__mode_genotype,15000,0.0,0,3000,spec_cluster,genotype,3000
limited_res__rep_10,spec_cluster__nc_6__mode_genotype,20000,0.0,0,3000,spec_cluster,genotype,3000
limited_res__rep_10,spec_cluster__nc_6__mode_genotype,25000,0.0,0,3000,spec_cluster,genotype,3000
limited_res__rep_10,spec_cluster__nc_6__mode_genotype,30000,0.0193333333333,58,2942,spec_cluster,genotype,3000
limited_res__rep_10,spec_cluster__nc_6__mode_genotype,35000,0.152333333333,457,2543,spec_cluster,genotype,3000
limited_res__rep_10,spec_cluster__nc_6__mode_genotype,40000,0.0266666666667,80,2920,spec_cluster,genotype,3000
limited_res__rep_10,spec_cluster__nc_6__mode_genotype,45000,0.140666666667,422,2578,spec_cluster,genotype,3000
limited_res__rep_10,spec_cluster__nc_6__mode_genotype,50000,0.253333333333,760,2240,spec_cluster,genotype,3000
limited_res__rep_10,spec_cluster__nc_6__mode_genotype,55000,0.019,57,2943,spec_cluster,genotype,3000
limited_res__rep_10,spec_cluster__nc_6__mode_genotype,60000,0.0523333333333,157,2843,spec_cluster,genotype,3000
limited_res__rep_10,spec_cluster__nc_6__mode_genotype,65000,0.00866666666667,26,2974,spec_cluster,genotype,3000
limited_res__rep_10,spec_cluster__nc_6__mode_genotype,70000,0.02,60,2940,spec_cluster,genotype,3000
limited_res__rep_10,spec_cluster__nc_6__mode_genotype,75000,0.0283333333333,85,2915,spec_cluster,genotype,3000
limited_res__rep_10,spec_cluster__nc_6__mode_genotype,80000,0.0293333333333,88,2912,spec_cluster,genotype,3000
limited_res__rep_10,spec_cluster__nc_6__mode_genotype,85000,0.536,1608,1392,spec_cluster,genotype,3000
limited_res__rep_10,spec_cluster__nc_6__mode_genotype,90000,0.191,573,2427,spec_cluster,genotype,3000
limited_res__rep_10,spec_cluster__nc_6__mode_genotype,95000,0.0256666666667,77,2923,spec_cluster,genotype,3000
limited_res__rep_10,spec_cluster__nc_6__mode_genotype,100000,0.0,0,3000,spec_cluster,genotype,3000
limited_res__rep_10,spec_cluster__nc_6__mode_genotype,total,0.125133333333,7508,52492,spec_cluster,genotype,60000
limited_res__rep_10,spec_cluster__nc_6__mode_phenotype,10000,0.0,0,3000,spec_cluster,phenotype,3000
limited_res__rep_10,spec_cluster__nc_6__mode_phenotype,15000,0.144,432,2568,spec_cluster,phenotype,3000
limited_res__rep_10,spec_cluster__nc_6__mode_phenotype,20000,0.037,111,2889,spec_cluster,phenotype,3000
limited_res__rep_10,spec_cluster__nc_6__mode_phenotype,25000,0.285333333333,856,2144,spec_cluster,phenotype,3000
limited_res__rep_10,spec_cluster__nc_6__mode_phenotype,30000,0.357666666667,1073,1927,spec_cluster,phenotype,3000
limited_res__rep_10,spec_cluster__nc_6__mode_phenotype,35000,0.325,975,2025,spec_cluster,phenotype,3000
limited_res__rep_10,spec_cluster__nc_6__mode_phenotype,40000,0.407666666667,1223,1777,spec_cluster,phenotype,3000
limited_res__rep_10,spec_cluster__nc_6__mode_phenotype,45000,0.273666666667,821,2179,spec_cluster,phenotype,3000
limited_res__rep_10,spec_cluster__nc_6__mode_phenotype,50000,0.256,768,2232,spec_cluster,phenotype,3000
limited_res__rep_10,spec_cluster__nc_6__mode_phenotype,55000,0.368,1104,1896,spec_cluster,phenotype,3000
limited_res__rep_10,spec_cluster__nc_6__mode_phenotype,60000,0.274,822,2178,spec_cluster,phenotype,3000
limited_res__rep_10,spec_cluster__nc_6__mode_phenotype,65000,0.0666666666667,200,2800,spec_cluster,phenotype,3000
limited_res__rep_10,spec_cluster__nc_6__mode_phenotype,70000,0.220333333333,661,2339,spec_cluster,phenotype,3000
limited_res__rep_10,spec_cluster__nc_6__mode_phenotype,75000,0.180666666667,542,2458,spec_cluster,phenotype,3000
limited_res__rep_10,spec_cluster__nc_6__mode_phenotype,80000,0.653666666667,1961,1039,spec_cluster,phenotype,3000
limited_res__rep_10,spec_cluster__nc_6__mode_phenotype,85000,0.325,975,2025,spec_cluster,phenotype,3000
limited_res__rep_10,spec_cluster__nc_6__mode_phenotype,90000,0.889,2667,333,spec_cluster,phenotype,3000
limited_res__rep_10,spec_cluster__nc_6__mode_phenotype,95000,0.325333333333,976,2024,spec_cluster,phenotype,3000
limited_res__rep_10,spec_cluster__nc_6__mode_phenotype,100000,0.649,1947,1053,spec_cluster,phenotype,3000
limited_res__rep_10,spec_cluster__nc_6__mode_phenotype,total,0.3519,21114,38886,spec_cluster,phenotype,60000
limited_res__rep_11,db_cluster__ep_0p1__mp_5__mode_both,10000,0.0,0,3000,db_cluster,both,3000
limited_res__rep_11,db_cluster__ep_0p1__mp_5__mode_both,15000,0.0,0,3000,db_cluster,both,3000
limited_res__rep_11,db_cluster__ep_0p1__mp_5__mode_both,20000,0.0,0,3000,db_cluster,both,3000
limited_res__rep_11,db_cluster__ep_0p1__mp_5__mode_both,25000,0.0,0,3000,db_cluster,both,3000
limited_res__rep_11,db_cluster__ep_0p1__mp_5__mode_both,30000,0.0,0,3000,db_cluster,both,3000
limited_res__rep_11,db_cluster__ep_0p1__mp_5__mode_both,35000,0.0,0,3000,db_cluster,both,3000
limited_res__rep_11,db_cluster__ep_0p1__mp_5__mode_both,40000,0.0,0,3000,db_cluster,both,3000
limited_res__rep_11,db_cluster__ep_0p1__mp_5__mode_both,45000,0.0,0,3000,db_cluster,both,3000
limited_res__rep_11,db_cluster__ep_0p1__mp_5__mode_both,50000,0.0,0,3000,db_cluster,both,3000
limited_res__rep_11,db_cluster__ep_0p1__mp_5__mode_both,55000,0.0,0,3000,db_cluster,both,3000
limited_res__rep_11,db_cluster__ep_0p1__mp_5__mode_both,60000,0.0,0,3000,db_cluster,both,3000
limited_res__rep_11,db_cluster__ep_0p1__mp_5__mode_both,65000,0.0,0,3000,db_cluster,both,3000
limited_res__rep_11,db_cluster__ep_0p1__mp_5__mode_both,70000,0.0,0,3000,db_cluster,both,3000
limited_res__rep_11,db_cluster__ep_0p1__mp_5__mode_both,75000,0.0,0,3000,db_cluster,both,3000
limited_res__rep_11,db_cluster__ep_0p1__mp_5__mode_both,80000,0.0,0,3000,db_cluster,both,3000
limited_res__rep_11,db_cluster__ep_0p1__mp_5__mode_both,85000,0.0,0,3000,db_cluster,both,3000
limited_res__rep_11,db_cluster__ep_0p1__mp_5__mode_both,90000,0.0,0,3000,db_cluster,both,3000
limited_res__rep_11,db_cluster__ep_0p1__mp_5__mode_both,95000,0.0,0,3000,db_cluster,both,3000
limited_res__rep_11,db_cluster__ep_0p1__mp_5__mode_both,100000,0.0,0,3000,db_cluster,both,3000
limited_res__rep_11,db_cluster__ep_0p1__mp_5__mode_both,total,0.05,3000,57000,db_cluster,both,60000
limited_res__rep_11,db_cluster__ep_0p1__mp_5__mode_genotype,10000,0.0,0,3000,db_cluster,genotype,3000
limited_res__rep_11,db_cluster__ep_0p1__mp_5__mode_genotype,15000,0.0,0,3000,db_cluster,genotype,3000
limited_res__rep_11,db_cluster__ep_0p1__mp_5__mode_genotype,20000,0.0,0,3000,db_cluster,genotype,3000
limited_res__rep_11,db_cluster__ep_0p1__mp_5__mode_genotype,25000,0.0,0,3000,db_cluster,genotype,3000
limited_res__rep_11,db_cluster__ep_0p1__mp_5__mode_genotype,30000,0.0,0,3000,db_cluster,genotype,3000
limited_res__rep_11,db_cluster__ep_0p1__mp_5__mode_genotype,35000,0.0,0,3000,db_cluster,genotype,3000
limited_res__rep_11,db_cluster__ep_0p1__mp_5__mode_genotype,40000,0.0,0,3000,db_cluster,genotype,3000
limited_res__rep_11,db_cluster__ep_0p1__mp_5__mode_genotype,45000,0.0,0,3000,db_cluster,genotype,3000
limited_res__rep_11,db_cluster__ep_0p1__mp_5__mode_genotype,50000,0.0,0,3000,db_cluster,genotype,3000
limited_res__rep_11,db_cluster__ep_0p1__mp_5__mode_genotype,55000,0.0,0,3000,db_cluster,genotype,3000
limited_res__rep_11,db_cluster__ep_0p1__mp_5__mode_genotype,60000,0.0,0,3000,db_cluster,genotype,3000
limited_res__rep_11,db_cluster__ep_0p1__mp_5__mode_genotype,65000,0.0,0,3000,db_cluster,genotype,3000
limited_res__rep_11,db_cluster__ep_0p1__mp_5__mode_genotype,70000,0.0,0,3000,db_cluster,genotype,3000
limited_res__rep_11,db_cluster__ep_0p1__mp_5__mode_genotype,75000,0.0,0,3000,db_cluster,genotype,3000
limited_res__rep_11,db_cluster__ep_0p1__mp_5__mode_genotype,80000,0.0,0,3000,db_cluster,genotype,3000
limited_res__rep_11,db_cluster__ep_0p1__mp_5__mode_genotype,85000,0.0,0,3000,db_cluster,genotype,3000
limited_res__rep_11,db_cluster__ep_0p1__mp_5__mode_genotype,90000,0.0,0,3000,db_cluster,genotype,3000
limited_res__rep_11,db_cluster__ep_0p1__mp_5__mode_genotype,95000,0.0,0,3000,db_cluster,genotype,3000
limited_res__rep_11,db_cluster__ep_0p1__mp_5__mode_genotype,100000,0.0,0,3000,db_cluster,genotype,3000
limited_res__rep_11,db_cluster__ep_0p1__mp_5__mode_genotype,total,0.05,3000,57000,db_cluster,genotype,60000
limited_res__rep_11,db_cluster__ep_0p1__mp_5__mode_phenotype,10000,0.0693333333333,208,2792,db_cluster,phenotype,3000
limited_res__rep_11,db_cluster__ep_0p1__mp_5__mode_phenotype,15000,0.784666666667,2354,646,db_cluster,phenotype,3000
limited_res__rep_11,db_cluster__ep_0p1__mp_5__mode_phenotype,20000,0.84,2520,480,db_cluster,phenotype,3000
limited_res__rep_11,db_cluster__ep_0p1__mp_5__mode_phenotype,25000,0.944666666667,2834,166,db_cluster,phenotype,3000
limited_res__rep_11,db_cluster__ep_0p1__mp_5__mode_phenotype,30000,0.881666666667,2645,355,db_cluster,phenotype,3000
limited_res__rep_11,db_cluster__ep_0p1__mp_5__mode_phenotype,35000,0.934,2802,198,db_cluster,phenotype,3000
limited_res__rep_11,db_cluster__ep_0p1__mp_5__mode_phenotype,40000,0.929,2787,213,db_cluster,phenotype,3000
limited_res__rep_11,db_cluster__ep_0p1__mp_5__mode_phenotype,45000,0.939,2817,183,db_cluster,phenotype,3000
limited_res__rep_11,db_cluster__ep_0p1__mp_5__mode_phenotype,50000,0.948,2844,156,db_cluster,phenotype,3000
limited_res__rep_11,db_cluster__ep_0p1__mp_5__mode_phenotype,55000,0.915333333333,2746,254,db_cluster,phenotype,3000
limited_res__rep_11,db_cluster__ep_0p1__mp_5__mode_phenotype,60000,0.955333333333,2866,134,db_cluster,phenotype,3000
limited_res__rep_11,db_cluster__ep_0p1__mp_5__mode_phenotype,65000,0.941333333333,2824,176,db_cluster,phenotype,3000
limited_res__rep_11,db_cluster__ep_0p1__mp_5__mode_phenotype,70000,0.826333333333,2479,521,db_cluster,phenotype,3000
limited_res__rep_11,db_cluster__ep_0p1__mp_5__mode_phenotype,75000,0.811,2433,567,db_cluster,phenotype,3000
limited_res__rep_11,db_cluster__ep_0p1__mp_5__mode_phenotype,80000,0.931666666667,2795,205,db_cluster,phenotype,3000
limited_res__rep_11,db_cluster__ep_0p1__mp_5__mode_phenotype,85000,0.949666666667,2849,151,db_cluster,phenotype,3000
limited_res__rep_11,db_cluster__ep_0p1__mp_5__mode_phenotype,90000,0.956666666667,2870,130,db_cluster,phenotype,3000
limited_res__rep_11,db_cluster__ep_0p1__mp_5__mode_phenotype,95000,0.949333333333,2848,152,db_cluster,phenotype,3000
limited_res__rep_11,db_cluster__ep_0p1__mp_5__mode_phenotype,100000,0.937666666667,2813,187,db_cluster,phenotype,3000
limited_res__rep_11,db_cluster__ep_0p1__mp_5__mode_phenotype,total,0.872233333333,52334,7666,db_cluster,phenotype,60000
limited_res__rep_11,spec_cluster__nc_6__mode_both,10000,0.179333333333,538,2462,spec_cluster,both,3000
limited_res__rep_11,spec_cluster__nc_6__mode_both,15000,0.876333333333,2629,371,spec_cluster,both,3000
limited_res__rep_11,spec_cluster__nc_6__mode_both,20000,0.848,2544,456,spec_cluster,both,3000
limited_res__rep_11,spec_cluster__nc_6__mode_both,25000,0.917333333333,2752,248,spec_cluster,both,3000
limited_res__rep_11,spec_cluster__nc_6__mode_both,30000,0.927666666667,2783,217,spec_cluster,both,3000
limited_res__rep_11,spec_cluster__nc_6__mode_both,35000,0.934666666667,2804,196,spec_cluster,both,3000
limited_res__rep_11,spec_cluster__nc_6__mode_both,40000,0.929,2787,213,spec_cluster,both,3000
limited_res__rep_11,spec_cluster__nc_6__mode_both,45000,0.940666666667,2822,178,spec_cluster,both,3000
limited_res__rep_11,spec_cluster__nc_6__mode_both,50000,0.863333333333,2590,410,spec_cluster,both,3000
limited_res__rep_11,spec_cluster__nc_6__mode_both,55000,0.925666666667,2777,223,spec_cluster,both,3000
limited_res__rep_11,spec_cluster__nc_6__mode_both,60000,0.955333333333,2866,134,spec_cluster,both,3000
limited_res__rep_11,spec_cluster__nc_6__mode_both,65000,0.941333333333,2824,176,spec_cluster,both,3000
limited_res__rep_11,spec_cluster__nc_6__mode_both,70000,0.887,2661,339,spec_cluster,both,3000
limited_res__rep_11,spec_cluster__nc_6__mode_both,75000,0.815333333333,2446,554,spec_cluster,both,3000
limited_res__rep_11,spec_cluster__nc_6__mode_both,80000,0.935,2805,195,spec_cluster,both,3000
limited_res__rep_11,spec_cluster__nc_6__mode_both,85000,0.950666666667,2852,148,spec_cluster,both,3000
limited_res__rep_11,spec_cluster__nc_6__mode_both,90000,0.956666666667,2870,130,spec_cluster,both,3000
limited_res__rep_11,spec_cluster__nc_6__mode_both,95000,0.913666666667,2741,259,spec_cluster,both,3000
limited_res__rep_11,spec_cluster__nc_6__mode_both,100000,0.890333333333,2671,329,spec_cluster,both,3000
limited_res__rep_11,spec_cluster__nc_6__mode_both,total,0.879366666667,52762,7238,spec_cluster,both,60000
limited_res__rep_11,spec_cluster__nc_6__mode_genotype,10000,0.416333333333,1249,1751,spec_cluster,genotype,3000
limited_res__rep_11,spec_cluster__nc_6__mode_genotype,15000,0.218,654,2346,spec_cluster,genotype,3000
limited_res__rep_11,spec_cluster__nc_6__mode_genotype,20000,0.159333333333,478,2522,spec_cluster,genotype,3000
limited_res__rep_11,spec_cluster__nc_6__mode_genotype,25000,0.694333333333,2083,917,spec_cluster,genotype,3000
limited_res__rep_11,spec_cluster__nc_6__mode_genotype,30000,0.377333333333,1132,1868,spec_cluster,genotype,3000
limited_res__rep_11,spec_cluster__nc_6__mode_genotype,35000,0.899333333333,2698,302,spec_cluster,genotype,3000
limited_res__rep_11,spec_cluster__nc_6__mode_genotype,40000,0.998333333333,2995,5,spec_cluster,genotype,3000
limited_res__rep_11,spec_cluster__nc_6__mode_genotype,45000,0.789666666667,2369,631,spec_cluster,genotype,3000
limited_res__rep_11,spec_cluster__nc_6__mode_genotype,50000,0.161666666667,485,2515,spec_cluster,genotype,3000
limited_res__rep_11,spec_cluster__nc_6__mode_genotype,55000,0.923,2769,231,spec_cluster,genotype,3000
limited_res__rep_11,spec_cluster__nc_6__mode_genotype,60000,0.941666666667,2825,175,spec_cluster,genotype,3000
limited_res__rep_11,spec_cluster__nc_6__mode_genotype,65000,0.959,2877,123,spec_cluster,genotype,3000
limited_res__rep_11,spec_cluster__nc_6__mode_genotype,70000,0.942333333333,2827,173,spec_cluster,genotype,3000
limited_res__rep_11,spec_cluster__nc_6__mode_genotype,75000,0.94,2820,180,spec_cluster,genotype,3000
limited_res__rep_11,spec_cluster__nc_6__mode_genotype,80000,1.0,3000,0,spec_cluster,genotype,3000
limited_res__rep_11,spec_cluster__nc_6__mode_genotype,85000,0.829333333333,2488,512,spec_cluster,genotype,3000
limited_res__rep_11,spec_cluster__nc_6__mode_genotype,90000,0.613,1839,1161,spec_cluster,genotype,3000
limited_res__rep_11,spec_cluster__nc_6__mode_genotype,95000,0.524666666667,1574,1426,spec_cluster,genotype,3000
limited_res__rep_11,spec_cluster__nc_6__mode_genotype,100000,0.351666666667,1055,1945,spec_cluster,genotype,3000
limited_res__rep_11,spec_cluster__nc_6__mode_genotype,total,0.68695,41217,18783,spec_cluster,genotype,60000
limited_res__rep_11,spec_cluster__nc_6__mode_phenotype,10000,0.208333333333,625,2375,spec_cluster,phenotype,3000
limited_res__rep_11,spec_cluster__nc_6__mode_phenotype,15000,0.792666666667,2378,622,spec_cluster,phenotype,3000
limited_res__rep_11,spec_cluster__nc_6__mode_phenotype,20000,0.854666666667,2564,436,spec_cluster,phenotype,3000
limited_res__rep_11,spec_cluster__nc_6__mode_phenotype,25000,0.945666666667,2837,163,spec_cluster,phenotype,3000
limited_res__rep_11,spec_cluster__nc_6__mode_phenotype,30000,0.880666666667,2642,358,spec_cluster,phenotype,3000
limited_res__rep_11,spec_cluster__nc_6__mode_phenotype,35000,0.937666666667,2813,187,spec_cluster,phenotype,3000
limited_res__rep_11,spec_cluster__nc_6__mode_phenotype,40000,0.933333333333,2800,200,spec_cluster,phenotype,3000
limited_res__rep_11,spec_cluster__nc_6__mode_phenotype,45000,0.940333333333,2821,179,spec_cluster,phenotype,3000
limited_res__rep_11,spec_cluster__nc_6__mode_phenotype,50000,0.969,2907,93,spec_cluster,phenotype,3000
limited_res__rep_11,spec_cluster__nc_6__mode_phenotype,55000,0.92,2760,240,spec_cluster,phenotype,3000
limited_res__rep_11,spec_cluster__nc_6__mode_phenotype,60000,0.957333333333,2872,128,spec_cluster,phenotype,3000
limited_res__rep_11,spec_cluster__nc_6__mode_phenotype,65000,0.947666666667,2843,157,spec_cluster,phenotype,3000
limited_res__rep_11,spec_cluster__nc_6__mode_phenotype,70000,0.839,2517,483,spec_cluster,phenotype,3000
limited_res__rep_11,spec_cluster__nc_6__mode_phenotype,75000,0.818333333333,2455,545,spec_cluster,phenotype,3000
limited_res__rep_11,spec_cluster__nc_6__mode_phenotype,80000,0.952,2856,144,spec_cluster,phenotype,3000
limited_res__rep_11,spec_cluster__nc_6__mode_phenotype,85000,0.955,2865,135,spec_cluster,phenotype,3000
limited_res__rep_11,spec_cluster__nc_6__mode_phenotype,90000,0.962333333333,2887,113,spec_cluster,phenotype,3000
limited_res__rep_11,spec_cluster__nc_6__mode_phenotype,95000,0.964666666667,2894,106,spec_cluster,phenotype,3000
limited_res__rep_11,spec_cluster__nc_6__mode_phenotype,100000,0.943333333333,2830,170,spec_cluster,phenotype,3000
limited_res__rep_11,spec_cluster__nc_6__mode_phenotype,total,0.8861,53166,6834,spec_cluster,phenotype,60000