treatment,cluster_params,time,accuracy,num_correct,num_wrong
limited_res__rep_1,db_cluster__ep_0p1__mp_5__mode_both,10000,0.0,0,3000
limited_res__rep_1,db_cluster__ep_0p1__mp_5__mode_both,15000,0.0,0,3000
limited_res__rep_1,db_cluster__ep_0p1__mp_5__mode_both,20000,0.0,0,3000
limited_res__rep_1,db_cluster__ep_0p1__mp_5__mode_both,25000,0.0,0,3000
limited_res__rep_1,db_cluster__ep_0p1__mp_5__mode_both,30000,0.0,0,3000
limited_res__rep_1,db_cluster__ep_0p1__mp_5__mode_both,35000,0.0,0,3000
limited_res__rep_1,db_cluster__ep_0p1__mp_5__mode_both,40000,0.0,0,3000
limited_res__rep_1,db_cluster__ep_0p1__mp_5__mode_both,45000,0.0,0,3000
limited_res__rep_1,db_cluster__ep_0p1__mp_5__mode_both,50000,0.0,0,3000
limited_res__rep_1,db_cluster__ep_0p1__mp_5__mode_both,55000,0.0,0,3000
limited_res__rep_1,db_cluster__ep_0p1__mp_5__mode_both,60000,0.0,0,3000
limited_res__rep_1,db_cluster__ep_0p1__mp_5__mode_both,65000,0.0,0,3000
limited_res__rep_1,db_cluster__ep_0p1__mp_5__mode_both,70000,0.0,0,3000
limited_res__rep_1,db_cluster__ep_0p1__mp_5__mode_both,75000,0.0,0,3000
limited_res__rep_1,db_cluster__ep_0p1__mp_5__mode_both,80000,0.0,0,3000
limited_res__rep_1,db_cluster__ep_0p1__mp_5__mode_both,85000,0.0,0,3000
limited_res__rep_1,db_cluster__ep_0p1__mp_5__mode_both,90000,0.0,0,3000
limited_res__rep_1,db_cluster__ep_0p1__mp_5__mode_both,95000,0.0,0,3000
limited_res__rep_1,db_cluster__ep_0p1__mp_5__mode_both,100000,0.0,0,3000
limited_res__rep_1,db_cluster__ep_0p1__mp_5__mode_both,total,0.05,3000,57000
limited_res__rep_1,db_cluster__ep_0p1__mp_5__mode_genotype,10000,0.0,0,3000
limited_res__rep_1,db_cluster__ep_0p1__mp_5__mode_genotype,15000,0.0,0,3000
limited_res__rep_1,db_cluster__ep_0p1__mp_5__mode_genotype,20000,0.0,0,3000
limited_res__rep_1,db_cluster__ep_0p1__mp_5__mode_genotype,25000,0.0,0,3000
limited_res__rep_1,db_cluster__ep_0p1__mp_5__mode_genotype,30000,0.0,0,3000
limited_res__rep_1,db_cluster__ep_0p1__mp_5__mode_genotype,35000,0.0,0,3000
limited_res__rep_1,db_cluster__ep_0p1__mp_5__mode_genotype,40000,0.0,0,3000
limited_res__rep_1,db_cluster__ep_0p1__mp_5__mode_genotype,45000,0.0,0,3000
limited_res__rep_1,db_cluster__ep_0p1__mp_5__mode_genotype,50000,0.0,0,3000
limited_res__rep_1,db_cluster__ep_0p1__mp_5__mode_genotype,55000,0.0,0,3000
limited_res__rep_1,db_cluster__ep_0p1__mp_5__mode_genotype,60000,0.0,0,3000
limited_res__rep_1,db_cluster__ep_0p1__mp_5__mode_genotype,65000,0.0,0,3000
limited_res__rep_1,db_cluster__ep_0p1__mp_5__mode_genotype,70000,0.0,0,3000
limited_res__rep_1,db_cluster__ep_0p1__mp_5__mode_genotype,75000,0.0,0,3000
limited_res__rep_1,db_cluster__ep_0p1__mp_5__mode_genotype,80000,0.0,0,3000
limited_res__rep_1,db_cluster__ep_0p1__mp_5__mode_genotype,85000,0.0,0,3000
limited_res__rep_1,db_cluster__ep_0p1__mp_5__mode_genotype,90000,0.0,0,3000
limited_res__rep_1,db_cluster__ep_0p1__mp_5__mode_genotype,95000,0.0,0,3000
limited_res__rep_1,db_cluster__ep_0p1__mp_5__mode_genotype,100000,0.0,0,3000
limited_res__rep_1,db_cluster__ep_0p1__mp_5__mode_genotype,total,0.05,3000,57000
limited_res__rep_1,db_cluster__ep_0p1__mp_5__mode_phenotype,10000,0.0546666666667,164,2836
limited_res__rep_1,db_cluster__ep_0p1__mp_5__mode_phenotype,15000,0.960666666667,2882,118
limited_res__rep_1,db_cluster__ep_0p1__mp_5__mode_phenotype,20000,0.875333333333,2626,374
limited_res__rep_1,db_cluster__ep_0p1__mp_5__mode_phenotype,25000,0.634666666667,1904,1096
limited_res__rep_1,db_cluster__ep_0p1__mp_5__mode_phenotype,30000,0.805666666667,2417,583
limited_res__rep_1,db_cluster__ep_0p1__mp_5__mode_phenotype,35000,0.893333333333,2680,320
limited_res__rep_1,db_cluster__ep_0p1__mp_5__mode_phenotype,40000,0.874,2622,378
limited_res__rep_1,db_cluster__ep_0p1__mp_5__mode_phenotype,45000,0.822,2466,534
limited_res__rep_1,db_cluster__ep_0p1__mp_5__mode_phenotype,50000,0.873333333333,2620,380
limited_res__rep_1,db_cluster__ep_0p1__mp_5__mode_phenotype,55000,0.825666666667,2477,523
limited_res__rep_1,db_cluster__ep_0p1__mp_5__mode_phenotype,60000,0.922333333333,2767,233
limited_res__rep_1,db_cluster__ep_0p1__mp_5__mode_phenotype,65000,0.925333333333,2776,224
limited_res__rep_1,db_cluster__ep_0p1__mp_5__mode_phenotype,70000,0.844666666667,2534,466
limited_res__rep_1,db_cluster__ep_0p1__mp_5__mode_phenotype,75000,0.580333333333,1741,1259
limited_res__rep_1,db_cluster__ep_0p1__mp_5__mode_phenotype,80000,0.392,1176,1824
limited_res__rep_1,db_cluster__ep_0p1__mp_5__mode_phenotype,85000,0.403333333333,1210,1790
limited_res__rep_1,db_cluster__ep_0p1__mp_5__mode_phenotype,90000,0.506,1518,1482
limited_res__rep_1,db_cluster__ep_0p1__mp_5__mode_phenotype,95000,0.514,1542,1458
limited_res__rep_1,db_cluster__ep_0p1__mp_5__mode_phenotype,100000,0.520666666667,1562,1438
limited_res__rep_1,db_cluster__ep_0p1__mp_5__mode_phenotype,total,0.7114,42684,17316
limited_res__rep_1,spec_cluster__nc_6__mode_both,10000,0.0546666666667,164,2836
limited_res__rep_1,spec_cluster__nc_6__mode_both,15000,0.953333333333,2860,140
limited_res__rep_1,spec_cluster__nc_6__mode_both,20000,0.947,2841,159
limited_res__rep_1,spec_cluster__nc_6__mode_both,25000,0.635333333333,1906,1094
limited_res__rep_1,spec_cluster__nc_6__mode_both,30000,0.826666666667,2480,520
limited_res__rep_1,spec_cluster__nc_6__mode_both,35000,0.918333333333,2755,245
limited_res__rep_1,spec_cluster__nc_6__mode_both,40000,0.877333333333,2632,368
limited_res__rep_1,spec_cluster__nc_6__mode_both,45000,0.846333333333,2539,461
limited_res__rep_1,spec_cluster__nc_6__mode_both,50000,0.888,2664,336
limited_res__rep_1,spec_cluster__nc_6__mode_both,55000,0.829333333333,2488,512
limited_res__rep_1,spec_cluster__nc_6__mode_both,60000,0.931,2793,207
limited_res__rep_1,spec_cluster__nc_6__mode_both,65000,0.906666666667,2720,280
limited_res__rep_1,spec_cluster__nc_6__mode_both,70000,0.828666666667,2486,514
limited_res__rep_1,spec_cluster__nc_6__mode_both,75000,0.592333333333,1777,1223
limited_res__rep_1,spec_cluster__nc_6__mode_both,80000,0.396666666667,1190,1810
limited_res__rep_1,spec_cluster__nc_6__mode_both,85000,0.375333333333,1126,1874
limited_res__rep_1,spec_cluster__nc_6__mode_both,90000,0.460666666667,1382,1618
limited_res__rep_1,spec_cluster__nc_6__mode_both,95000,0.514333333333,1543,1457
limited_res__rep_1,spec_cluster__nc_6__mode_both,100000,0.49,1470,1530
limited_res__rep_1,spec_cluster__nc_6__mode_both,total,0.7136,42816,17184
limited_res__rep_1,spec_cluster__nc_6__mode_genotype,10000,0.626,1878,1122
limited_res__rep_1,spec_cluster__nc_6__mode_genotype,15000,0.589333333333,1768,1232
limited_res__rep_1,spec_cluster__nc_6__mode_genotype,20000,0.430666666667,1292,1708
limited_res__rep_1,spec_cluster__nc_6__mode_genotype,25000,0.617666666667,1853,1147
limited_res__rep_1,spec_cluster__nc_6__mode_genotype,30000,0.570333333333,1711,1289
limited_res__rep_1,spec_cluster__nc_6__mode_genotype,35000,0.727333333333,2182,818
limited_res__rep_1,spec_cluster__nc_6__mode_genotype,40000,0.696333333333,2089,911
limited_res__rep_1,spec_cluster__nc_6__mode_genotype,45000,0.567333333333,1702,1298
limited_res__rep_1,spec_cluster__nc_6__mode_genotype,50000,0.822,2466,534
limited_res__rep_1,spec_cluster__nc_6__mode_genotype,55000,0.383333333333,1150,1850
limited_res__rep_1,spec_cluster__nc_6__mode_genotype,60000,1.0,3000,0
limited_res__rep_1,spec_cluster__nc_6__mode_genotype,65000,0.109333333333,328,2672
limited_res__rep_1,spec_cluster__nc_6__mode_genotype,70000,0.145,435,2565
limited_res__rep_1,spec_cluster__nc_6__mode_genotype,75000,0.94,2820,180
limited_res__rep_1,spec_cluster__nc_6__mode_genotype,80000,0.898333333333,2695,305
limited_res__rep_1,spec_cluster__nc_6__mode_genotype,85000,0.192,576,2424
limited_res__rep_1,spec_cluster__nc_6__mode_genotype,90000,0.107666666667,323,2677
limited_res__rep_1,spec_cluster__nc_6__mode_genotype,95000,0.549333333333,1648,1352
limited_res__rep_1,spec_cluster__nc_6__mode_genotype,100000,0.468666666667,1406,1594
limited_res__rep_1,spec_cluster__nc_6__mode_genotype,total,0.572033333333,34322,25678
limited_res__rep_1,spec_cluster__nc_6__mode_phenotype,10000,0.101333333333,304,2696
limited_res__rep_1,spec_cluster__nc_6__mode_phenotype,15000,0.973333333333,2920,80
limited_res__rep_1,spec_cluster__nc_6__mode_phenotype,20000,0.907666666667,2723,277
limited_res__rep_1,spec_cluster__nc_6__mode_phenotype,25000,0.637,1911,1089
limited_res__rep_1,spec_cluster__nc_6__mode_phenotype,30000,0.808,2424,576
limited_res__rep_1,spec_cluster__nc_6__mode_phenotype,35000,0.897,2691,309
limited_res__rep_1,spec_cluster__nc_6__mode_phenotype,40000,0.878333333333,2635,365
limited_res__rep_1,spec_cluster__nc_6__mode_phenotype,45000,0.843666666667,2531,469
limited_res__rep_1,spec_cluster__nc_6__mode_phenotype,50000,0.882,2646,354
limited_res__rep_1,spec_cluster__nc_6__mode_phenotype,55000,0.846666666667,2540,460
limited_res__rep_1,spec_cluster__nc_6__mode_phenotype,60000,0.948666666667,2846,154
limited_res__rep_1,spec_cluster__nc_6__mode_phenotype,65000,0.934333333333,2803,197
limited_res__rep_1,spec_cluster__nc_6__mode_phenotype,70000,0.851666666667,2555,445
limited_res__rep_1,spec_cluster__nc_6__mode_phenotype,75000,0.590666666667,1772,1228
limited_res__rep_1,spec_cluster__nc_6__mode_phenotype,80000,0.402333333333,1207,1793
limited_res__rep_1,spec_cluster__nc_6__mode_phenotype,85000,0.408,1224,1776
limited_res__rep_1,spec_cluster__nc_6__mode_phenotype,90000,0.51,1530,1470
limited_res__rep_1,spec_cluster__nc_6__mode_phenotype,95000,0.507666666667,1523,1477
limited_res__rep_1,spec_cluster__nc_6__mode_phenotype,100000,0.524,1572,1428
limited_res__rep_1,spec_cluster__nc_6__mode_phenotype,total,0.722616666667,43357,16643
limited_res__rep_2,db_cluster__ep_0p1__mp_5__mode_both,10000,0.0,0,3000
limited_res__rep_2,db_cluster__ep_0p1__mp_5__mode_both,15000,0.0,0,3000
limited_res__rep_2,db_cluster__ep_0p1__mp_5__mode_both,20000,0.0,0,3000
limited_res__rep_2,db_cluster__ep_0p1__mp_5__mode_both,25000,0.0,0,3000
limited_res__rep_2,db_cluster__ep_0p1__mp_5__mode_both,30000,0.327333333333,982,2018
limited_res__rep_2,db_cluster__ep_0p1__mp_5__mode_both,35000,0.617,1851,1149
limited_res__rep_2,db_cluster__ep_0p1__mp_5__mode_both,40000,0.0,0,3000
limited_res__rep_2,db_cluster__ep_0p1__mp_5__mode_both,45000,0.00266666666667,8,2992
limited_res__rep_2,db_cluster__ep_0p1__mp_5__mode_both,50000,0.0626666666667,188,2812
limited_res__rep_2,db_cluster__ep_0p1__mp_5__mode_both,55000,0.0,0,3000
limited_res__rep_2,db_cluster__ep_0p1__mp_5__mode_both,60000,0.0,0,3000
limited_res__rep_2,db_cluster__ep_0p1__mp_5__mode_both,65000,0.0,0,3000
limited_res__rep_2,db_cluster__ep_0p1__mp_5__mode_both,70000,0.0,0,3000
limited_res__rep_2,db_cluster__ep_0p1__mp_5__mode_both,75000,0.0,0,3000
limited_res__rep_2,db_cluster__ep_0p1__mp_5__mode_both,80000,0.0,0,3000
limited_res__rep_2,db_cluster__ep_0p1__mp_5__mode_both,85000,0.0,0,3000
limited_res__rep_2,db_cluster__ep_0p1__mp_5__mode_both,90000,0.0,0,3000
limited_res__rep_2,db_cluster__ep_0p1__mp_5__mode_both,95000,0.0,0,3000
limited_res__rep_2,db_cluster__ep_0p1__mp_5__mode_both,100000,0.0,0,3000
limited_res__rep_2,db_cluster__ep_0p1__mp_5__mode_both,total,0.100483333333,6029,53971
limited_res__rep_2,db_cluster__ep_0p1__mp_5__mode_genotype,10000,0.0,0,3000
limited_res__rep_2,db_cluster__ep_0p1__mp_5__mode_genotype,15000,0.0,0,3000
limited_res__rep_2,db_cluster__ep_0p1__mp_5__mode_genotype,20000,0.0,0,3000
limited_res__rep_2,db_cluster__ep_0p1__mp_5__mode_genotype,25000,0.0,0,3000
limited_res__rep_2,db_cluster__ep_0p1__mp_5__mode_genotype,30000,0.0,0,3000
limited_res__rep_2,db_cluster__ep_0p1__mp_5__mode_genotype,35000,0.0,0,3000
limited_res__rep_2,db_cluster__ep_0p1__mp_5__mode_genotype,40000,0.0,0,3000
limited_res__rep_2,db_cluster__ep_0p1__mp_5__mode_genotype,45000,0.0,0,3000
limited_res__rep_2,db_cluster__ep_0p1__mp_5__mode_genotype,50000,0.0,0,3000
limited_res__rep_2,db_cluster__ep_0p1__mp_5__mode_genotype,55000,0.0,0,3000
limited_res__rep_2,db_cluster__ep_0p1__mp_5__mode_genotype,60000,0.0,0,3000
limited_res__rep_2,db_cluster__ep_0p1__mp_5__mode_genotype,65000,0.0,0,3000
limited_res__rep_2,db_cluster__ep_0p1__mp_5__mode_genotype,70000,0.0,0,3000
limited_res__rep_2,db_cluster__ep_0p1__mp_5__mode_genotype,75000,0.0,0,3000
limited_res__rep_2,db_cluster__ep_0p1__mp_5__mode_genotype,80000,0.0,0,3000
limited_res__rep_2,db_cluster__ep_0p1__mp_5__mode_genotype,85000,0.0,0,3000
limited_res__rep_2,db_cluster__ep_0p1__mp_5__mode_genotype,90000,0.0,0,3000
limited_res__rep_2,db_cluster__ep_0p1__mp_5__mode_genotype,95000,0.0,0,3000
limited_res__rep_2,db_cluster__ep_0p1__mp_5__mode_genotype,100000,0.0,0,3000
limited_res__rep_2,db_cluster__ep_0p1__mp_5__mode_genotype,total,0.05,3000,57000
limited_res__rep_2,db_cluster__ep_0p1__mp_5__mode_phenotype,10000,0.0793333333333,238,2762
limited_res__rep_2,db_cluster__ep_0p1__mp_5__mode_phenotype,15000,0.352666666667,1058,1942
limited_res__rep_2,db_cluster__ep_0p1__mp_5__mode_phenotype,20000,0.348666666667,1046,1954
limited_res__rep_2,db_cluster__ep_0p1__mp_5__mode_phenotype,25000,0.413666666667,1241,1759
limited_res__rep_2,db_cluster__ep_0p1__mp_5__mode_phenotype,30000,0.314,942,2058
limited_res__rep_2,db_cluster__ep_0p1__mp_5__mode_phenotype,35000,0.337666666667,1013,1987
limited_res__rep_2,db_cluster__ep_0p1__mp_5__mode_phenotype,40000,0.414666666667,1244,1756
limited_res__rep_2,db_cluster__ep_0p1__mp_5__mode_phenotype,45000,0.383,1149,1851
limited_res__rep_2,db_cluster__ep_0p1__mp_5__mode_phenotype,50000,0.247,741,2259
limited_res__rep_2,db_cluster__ep_0p1__mp_5__mode_phenotype,55000,0.217,651,2349
limited_res__rep_2,db_cluster__ep_0p1__mp_5__mode_phenotype,60000,0.251666666667,755,2245
limited_res__rep_2,db_cluster__ep_0p1__mp_5__mode_phenotype,65000,0.190666666667,572,2428
limited_res__rep_2,db_cluster__ep_0p1__mp_5__mode_phenotype,70000,0.284666666667,854,2146
limited_res__rep_2,db_cluster__ep_0p1__mp_5__mode_phenotype,75000,0.202666666667,608,2392
limited_res__rep_2,db_cluster__ep_0p1__mp_5__mode_phenotype,80000,0.216666666667,650,2350
limited_res__rep_2,db_cluster__ep_0p1__mp_5__mode_phenotype,85000,0.302333333333,907,2093
limited_res__rep_2,db_cluster__ep_0p1__mp_5__mode_phenotype,90000,0.269333333333,808,2192
limited_res__rep_2,db_cluster__ep_0p1__mp_5__mode_phenotype,95000,0.301666666667,905,2095
limited_res__rep_2,db_cluster__ep_0p1__mp_5__mode_phenotype,100000,0.142,426,2574
limited_res__rep_2,db_cluster__ep_0p1__mp_5__mode_phenotype,total,0.313466666667,18808,41192
limited_res__rep_2,spec_cluster__nc_6__mode_both,10000,0.297,891,2109
limited_res__rep_2,spec_cluster__nc_6__mode_both,15000,0.323,969,2031
limited_res__rep_2,spec_cluster__nc_6__mode_both,20000,0.385333333333,1156,1844
limited_res__rep_2,spec_cluster__nc_6__mode_both,25000,0.419333333333,1258,1742
limited_res__rep_2,spec_cluster__nc_6__mode_both,30000,0.242333333333,727,2273
limited_res__rep_2,spec_cluster__nc_6__mode_both,35000,0.417666666667,1253,1747
limited_res__rep_2,spec_cluster__nc_6__mode_both,40000,0.438,1314,1686
limited_res__rep_2,spec_cluster__nc_6__mode_both,45000,0.426666666667,1280,1720
limited_res__rep_2,spec_cluster__nc_6__mode_both,50000,0.203,609,2391
limited_res__rep_2,spec_cluster__nc_6__mode_both,55000,0.222666666667,668,2332
limited_res__rep_2,spec_cluster__nc_6__mode_both,60000,0.257,771,2229
limited_res__rep_2,spec_cluster__nc_6__mode_both,65000,0.243333333333,730,2270
limited_res__rep_2,spec_cluster__nc_6__mode_both,70000,0.283333333333,850,2150
limited_res__rep_2,spec_cluster__nc_6__mode_both,75000,0.295333333333,886,2114
limited_res__rep_2,spec_cluster__nc_6__mode_both,80000,0.437333333333,1312,1688
limited_res__rep_2,spec_cluster__nc_6__mode_both,85000,0.341,1023,1977
limited_res__rep_2,spec_cluster__nc_6__mode_both,90000,0.316666666667,950,2050
limited_res__rep_2,spec_cluster__nc_6__mode_both,95000,0.338,1014,1986
limited_res__rep_2,spec_cluster__nc_6__mode_both,100000,0.211666666667,635,2365
limited_res__rep_2,spec_cluster__nc_6__mode_both,total,0.354933333333,21296,38704
limited_res__rep_2,spec_cluster__nc_6__mode_genotype,10000,0.229333333333,688,2312
limited_res__rep_2,spec_cluster__nc_6__mode_genotype,15000,0.749666666667,2249,751
limited_res__rep_2,spec_cluster__nc_6__mode_genotype,20000,0.209,627,2373
limited_res__rep_2,spec_cluster__nc_6__mode_genotype,25000,0.943,2829,171
limited_res__rep_2,spec_cluster__nc_6__mode_genotype,30000,1.0,3000,0
limited_res__rep_2,spec_cluster__nc_6__mode_genotype,35000,0.865333333333,2596,404
limited_res__rep_2,spec_cluster__nc_6__mode_genotype,40000,0.897333333333,2692,308
limited_res__rep_2,spec_cluster__nc_6__mode_genotype,45000,1.0,3000,0
limited_res__rep_2,spec_cluster__nc_6__mode_genotype,50000,0.301666666667,905,2095
limited_res__rep_2,spec_cluster__nc_6__mode_genotype,55000,0.145666666667,437,2563
limited_res__rep_2,spec_cluster__nc_6__mode_genotype,60000,0.157,471,2529
limited_res__rep_2,spec_cluster__nc_6__mode_genotype,65000,0.538,1614,1386
limited_res__rep_2,spec_cluster__nc_6__mode_genotype,70000,0.975666666667,2927,73
limited_res__rep_2,spec_cluster__nc_6__mode_genotype,75000,0.286666666667,860,2140
limited_res__rep_2,spec_cluster__nc_6__mode_genotype,80000,0.512666666667,1538,1462
limited_res__rep_2,spec_cluster__nc_6__mode_genotype,85000,0.986666666667,2960,40
limited_res__rep_2,spec_cluster__nc_6__mode_genotype,90000,0.986,2958,42
limited_res__rep_2,spec_cluster__nc_6__mode_genotype,95000,1.0,3000,0
limited_res__rep_2,spec_cluster__nc_6__mode_genotype,100000,0.157333333333,472,2528
limited_res__rep_2,spec_cluster__nc_6__mode_genotype,total,0.64705,38823,21177
limited_res__rep_2,spec_cluster__nc_6__mode_phenotype,10000,0.303333333333,910,2090
limited_res__rep_2,spec_cluster__nc_6__mode_phenotype,15000,0.411,1233,1767
limited_res__rep_2,spec_cluster__nc_6__mode_phenotype,20000,0.412333333333,1237,1763
limited_res__rep_2,spec_cluster__nc_6__mode_phenotype,25000,0.400666666667,1202,1798
limited_res__rep_2,spec_cluster__nc_6__mode_phenotype,30000,0.366666666667,1100,1900
limited_res__rep_2,spec_cluster__nc_6__mode_phenotype,35000,0.454333333333,1363,1637
limited_res__rep_2,spec_cluster__nc_6__mode_phenotype,40000,0.494666666667,1484,1516
limited_res__rep_2,spec_cluster__nc_6__mode_phenotype,45000,0.545666666667,1637,1363
limited_res__rep_2,spec_cluster__nc_6__mode_phenotype,50000,0.262333333333,787,2213
limited_res__rep_2,spec_cluster__nc_6__mode_phenotype,55000,0.289,867,2133
limited_res__rep_2,spec_cluster__nc_6__mode_phenotype,60000,0.267,801,2199
limited_res__rep_2,spec_cluster__nc_6__mode_phenotype,65000,0.308666666667,926,2074
limited_res__rep_2,spec_cluster__nc_6__mode_phenotype,70000,0.340333333333,1021,1979
limited_res__rep_2,spec_cluster__nc_6__mode_phenotype,75000,0.302666666667,908,2092
limited_res__rep_2,spec_cluster__nc_6__mode_phenotype,80000,0.449,1347,1653
limited_res__rep_2,spec_cluster__nc_6__mode_phenotype,85000,0.459666666667,1379,1621
limited_res__rep_2,spec_cluster__nc_6__mode_phenotype,90000,0.400666666667,1202,1798
limited_res__rep_2,spec_cluster__nc_6__mode_phenotype,95000,0.463333333333,1390,1610
limited_res__rep_2,spec_cluster__nc_6__mode_phenotype,100000,0.314666666667,944,2056
limited_res__rep_2,spec_cluster__nc_6__mode_phenotype,total,0.4123,24738,35262
limited_res__rep_3,db_cluster__ep_0p1__mp_5__mode_both,10000,0.0,0,3000
limited_res__rep_3,db_cluster__ep_0p1__mp_5__mode_both,15000,0.0,0,3000
limited_res__rep_3,db_cluster__ep_0p1__mp_5__mode_both,20000,0.0,0,3000
limited_res__rep_3,db_cluster__ep_0p1__mp_5__mode_both,25000,0.0,0,3000
limited_res__rep_3,db_cluster__ep_0p1__mp_5__mode_both,30000,0.0,0,3000
limited_res__rep_3,db_cluster__ep_0p1__mp_5__mode_both,35000,0.0,0,3000
limited_res__rep_3,db_cluster__ep_0p1__mp_5__mode_both,40000,0.0,0,3000
limited_res__rep_3,db_cluster__ep_0p1__mp_5__mode_both,45000,0.0,0,3000
limited_res__rep_3,db_cluster__ep_0p1__mp_5__mode_both,50000,0.0,0,3000
limited_res__rep_3,db_cluster__ep_0p1__mp_5__mode_both,55000,0.0,0,3000
limited_res__rep_3,db_cluster__ep_0p1__mp_5__mode_both,60000,0.0,0,3000
limited_res__rep_3,db_cluster__ep_0p1__mp_5__mode_both,65000,0.0,0,3000
limited_res__rep_3,db_cluster__ep_0p1__mp_5__mode_both,70000,0.0,0,3000
limited_res__rep_3,db_cluster__ep_0p1__mp_5__mode_both,75000,0.0,0,3000
limited_res__rep_3,db_cluster__ep_0p1__mp_5__mode_both,80000,0.0,0,3000
limited_res__rep_3,db_cluster__ep_0p1__mp_5__mode_both,85000,0.0,0,3000
limited_res__rep_3,db_cluster__ep_0p1__mp_5__mode_both,90000,0.0,0,3000
limited_res__rep_3,db_cluster__ep_0p1__mp_5__mode_both,95000,0.0,0,3000
limited_res__rep_3,db_cluster__ep_0p1__mp_5__mode_both,100000,0.0,0,3000
limited_res__rep_3,db_cluster__ep_0p1__mp_5__mode_both,total,0.05,3000,57000
limited_res__rep_3,db_cluster__ep_0p1__mp_5__mode_genotype,10000,0.0,0,3000
limited_res__rep_3,db_cluster__ep_0p1__mp_5__mode_genotype,15000,0.0,0,3000
limited_res__rep_3,db_cluster__ep_0p1__mp_5__mode_genotype,20000,0.0,0,3000
limited_res__rep_3,db_cluster__ep_0p1__mp_5__mode_genotype,25000,0.0,0,3000
limited_res__rep_3,db_cluster__ep_0p1__mp_5__mode_genotype,30000,0.0,0,3000
limited_res__rep_3,db_cluster__ep_0p1__mp_5__mode_genotype,35000,0.0,0,3000
limited_res__rep_3,db_cluster__ep_0p1__mp_5__mode_genotype,40000,0.0,0,3000
limited_res__rep_3,db_cluster__ep_0p1__mp_5__mode_genotype,45000,0.0,0,3000
limited_res__rep_3,db_cluster__ep_0p1__mp_5__mode_genotype,50000,0.0,0,3000
limited_res__rep_3,db_cluster__ep_0p1__mp_5__mode_genotype,55000,0.0,0,3000
limited_res__rep_3,db_cluster__ep_0p1__mp_5__mode_genotype,60000,0.0,0,3000
limited_res__rep_3,db_cluster__ep_0p1__mp_5__mode_genotype,65000,0.0,0,3000
limited_res__rep_3,db_cluster__ep_0p1__mp_5__mode_genotype,70000,0.0,0,3000
limited_res__rep_3,db_cluster__ep_0p1__mp_5__mode_genotype,75000,0.0,0,3000
limited_res__rep_3,db_cluster__ep_0p1__mp_5__mode_genotype,80000,0.0,0,3000
limited_res__rep_3,db_cluster__ep_0p1__mp_5__mode_genotype,85000,0.0,0,3000
limited_res__rep_3,db_cluster__ep_0p1__mp_5__mode_genotype,90000,0.0,0,3000
limited_res__rep_3,db_cluster__ep_0p1__mp_5__mode_genotype,95000,0.0,0,3000
limited_res__rep_3,db_cluster__ep_0p1__mp_5__mode_genotype,100000,0.0,0,3000
limited_res__rep_3,db_cluster__ep_0p1__mp_5__mode_genotype,total,0.05,3000,57000
limited_res__rep_3,db_cluster__ep_0p1__mp_5__mode_phenotype,10000,0.00833333333333,25,2975
limited_res__rep_3,db_cluster__ep_0p1__mp_5__mode_phenotype,15000,0.236,708,2292
limited_res__rep_3,db_cluster__ep_0p1__mp_5__mode_phenotype,20000,0.108333333333,325,2675
limited_res__rep_3,db_cluster__ep_0p1__mp_5__mode_phenotype,25000,0.123333333333,370,2630
limited_res__rep_3,db_cluster__ep_0p1__mp_5__mode_phenotype,30000,0.271333333333,814,2186
limited_res__rep_3,db_cluster__ep_0p1__mp_5__mode_phenotype,35000,0.370333333333,1111,1889
limited_res__rep_3,db_cluster__ep_0p1__mp_5__mode_phenotype,40000,0.189,567,2433
limited_res__rep_3,db_cluster__ep_0p1__mp_5__mode_phenotype,45000,0.0773333333333,232,2768
limited_res__rep_3,db_cluster__ep_0p1__mp_5__mode_phenotype,50000,0.191,573,2427
limited_res__rep_3,db_cluster__ep_0p1__mp_5__mode_phenotype,55000,0.171333333333,514,2486
limited_res__rep_3,db_cluster__ep_0p1__mp_5__mode_phenotype,60000,0.223,669,2331
limited_res__rep_3,db_cluster__ep_0p1__mp_5__mode_phenotype,65000,0.137,411,2589
limited_res__rep_3,db_cluster__ep_0p1__mp_5__mode_phenotype,70000,0.149666666667,449,2551
limited_res__rep_3,db_cluster__ep_0p1__mp_5__mode_phenotype,75000,0.0106666666667,32,2968
limited_res__rep_3,db_cluster__ep_0p1__mp_5__mode_phenotype,80000,0.113666666667,341,2659
limited_res__rep_3,db_cluster__ep_0p1__mp_5__mode_phenotype,85000,0.06,180,2820
limited_res__rep_3,db_cluster__ep_0p1__mp_5__mode_phenotype,90000,0.153666666667,461,2539
limited_res__rep_3,db_cluster__ep_0p1__mp_5__mode_phenotype,95000,0.197,591,2409
limited_res__rep_3,db_cluster__ep_0p1__mp_5__mode_phenotype,100000,0.0696666666667,209,2791
limited_res__rep_3,db_cluster__ep_0p1__mp_5__mode_phenotype,total,0.193033333333,11582,48418
limited_res__rep_3,spec_cluster__nc_6__mode_both,10000,0.0936666666667,281,2719
limited_res__rep_3,spec_cluster__nc_6__mode_both,15000,0.299333333333,898,2102
limited_res__rep_3,spec_cluster__nc_6__mode_both,20000,0.255,765,2235
limited_res__rep_3,spec_cluster__nc_6__mode_both,25000,0.183333333333,550,2450
limited_res__rep_3,spec_cluster__nc_6__mode_both,30000,0.355333333333,1066,1934
limited_res__rep_3,spec_cluster__nc_6__mode_both,35000,0.353333333333,1060,1940
limited_res__rep_3,spec_cluster__nc_6__mode_both,40000,0.327,981,2019
limited_res__rep_3,spec_cluster__nc_6__mode_both,45000,0.22,660,2340
limited_res__rep_3,spec_cluster__nc_6__mode_both,50000,0.191666666667,575,2425
limited_res__rep_3,spec_cluster__nc_6__mode_both,55000,0.236,708,2292
limited_res__rep_3,spec_cluster__nc_6__mode_both,60000,0.235333333333,706,2294
limited_res__rep_3,spec_cluster__nc_6__mode_both,65000,0.284,852,2148
limited_res__rep_3,spec_cluster__nc_6__mode_both,70000,0.306,918,2082
limited_res__rep_3,spec_cluster__nc_6__mode_both,75000,0.192,576,2424
limited_res__rep_3,spec_cluster__nc_6__mode_both,80000,0.177333333333,532,2468
limited_res__rep_3,spec_cluster__nc_6__mode_both,85000,0.343,1029,1971
limited_res__rep_3,spec_cluster__nc_6__mode_both,90000,0.209,627,2373
limited_res__rep_3,spec_cluster__nc_6__mode_both,95000,0.286666666667,860,2140
limited_res__rep_3,spec_cluster__nc_6__mode_both,100000,0.276666666667,830,2170
limited_res__rep_3,spec_cluster__nc_6__mode_both,total,0.291233333333,17474,42526
limited_res__rep_3,spec_cluster__nc_6__mode_genotype,10000,0.0,0,3000
limited_res__rep_3,spec_cluster__nc_6__mode_genotype,15000,0.0,0,3000
limited_res__rep_3,spec_cluster__nc_6__mode_genotype,20000,0.585,1755,1245
limited_res__rep_3,spec_cluster__nc_6__mode_genotype,25000,0.282666666667,848,2152
limited_res__rep_3,spec_cluster__nc_6__mode_genotype,30000,0.467,1401,1599
limited_res__rep_3,spec_cluster__nc_6__mode_genotype,35000,0.237,711,2289
limited_res__rep_3,spec_cluster__nc_6__mode_genotype,40000,0.0486666666667,146,2854
limited_res__rep_3,spec_cluster__nc_6__mode_genotype,45000,0.168333333333,505,2495
limited_res__rep_3,spec_cluster__nc_6__mode_genotype,50000,1.0,3000,0
limited_res__rep_3,spec_cluster__nc_6__mode_genotype,55000,0.235333333333,706,2294
limited_res__rep_3,spec_cluster__nc_6__mode_genotype,60000,0.459333333333,1378,1622
limited_res__rep_3,spec_cluster__nc_6__mode_genotype,65000,0.024,72,2928
limited_res__rep_3,spec_cluster__nc_6__mode_genotype,70000,0.272,816,2184
limited_res__rep_3,spec_cluster__nc_6__mode_genotype,75000,0.0,0,3000
limited_res__rep_3,spec_cluster__nc_6__mode_genotype,80000,0.224333333333,673,2327
limited_res__rep_3,spec_cluster__nc_6__mode_genotype,85000,0.121,363,2637
limited_res__rep_3,spec_cluster__nc_6__mode_genotype,90000,0.185,555,2445
limited_res__rep_3,spec_cluster__nc_6__mode_genotype,95000,0.227333333333,682,2318
limited_res__rep_3,spec_cluster__nc_6__mode_genotype,100000,0.11,330,2670
limited_res__rep_3,spec_cluster__nc_6__mode_genotype,total,0.28235,16941,43059
limited_res__rep_3,spec_cluster__nc_6__mode_phenotype,10000,0.102333333333,307,2693
limited_res__rep_3,spec_cluster__nc_6__mode_phenotype,15000,0.361,1083,1917
limited_res__rep_3,spec_cluster__nc_6__mode_phenotype,20000,0.162,486,2514
limited_res__rep_3,spec_cluster__nc_6__mode_phenotype,25000,0.417333333333,1252,1748
limited_res__rep_3,spec_cluster__nc_6__mode_phenotype,30000,0.272333333333,817,2183
limited_res__rep_3,spec_cluster__nc_6__mode_phenotype,35000,0.387333333333,1162,1838
limited_res__rep_3,spec_cluster__nc_6__mode_phenotype,40000,0.231,693,2307
limited_res__rep_3,spec_cluster__nc_6__mode_phenotype,45000,0.249,747,2253
limited_res__rep_3,spec_cluster__nc_6__mode_phenotype,50000,0.204666666667,614,2386
limited_res__rep_3,spec_cluster__nc_6__mode_phenotype,55000,0.220333333333,661,2339
limited_res__rep_3,spec_cluster__nc_6__mode_phenotype,60000,0.223,669,2331
limited_res__rep_3,spec_cluster__nc_6__mode_phenotype,65000,0.255,765,2235
limited_res__rep_3,spec_cluster__nc_6__mode_phenotype,70000,0.275333333333,826,2174
limited_res__rep_3,spec_cluster__nc_6__mode_phenotype,75000,0.185666666667,557,2443
limited_res__rep_3,spec_cluster__nc_6__mode_phenotype,80000,0.362333333333,1087,1913
limited_res__rep_3,spec_cluster__nc_6__mode_phenotype,85000,0.347333333333,1042,1958
limited_res__rep_3,spec_cluster__nc_6__mode_phenotype,90000,0.196666666667,590,2410
limited_res__rep_3,spec_cluster__nc_6__mode_phenotype,95000,0.286666666667,860,2140
limited_res__rep_3,spec_cluster__nc_6__mode_phenotype,100000,0.0566666666667,170,2830
limited_res__rep_3,spec_cluster__nc_6__mode_phenotype,total,0.2898,17388,42612
limited_res__rep_10,db_cluster__ep_0p1__mp_5__mode_both,10000,0.0,0,3000
limited_res__rep_10,db_cluster__ep_0p1__mp_5__mode_both,15000,0.0,0,3000
limited_res__rep_10,db_cluster__ep_0p1__mp_5__mode_both,20000,0.0,0,3000
limited_res__rep_10,db_cluster__ep_0p1__mp_5__mode_both,25000,0.0,0,3000
limited_res__rep_10,db_cluster__ep_0p1__mp_5__mode_both,30000,0.0,0,3000
limited_res__rep_10,db_cluster__ep_0p1__mp_5__mode_both,35000,0.0,0,3000
limited_res__rep_10,db_cluster__ep_0p1__mp_5__mode_both,40000,0.0,0,3000
limited_res__rep_10,db_cluster__ep_0p1__mp_5__mode_both,45000,0.0,0,3000
limited_res__rep_10,db_cluster__ep_0p1__mp_5__mode_both,50000,0.0,0,3000
limited_res__rep_10,db_cluster__ep_0p1__mp_5__mode_both,55000,0.0,0,3000
limited_res__rep_10,db_cluster__ep_0p1__mp_5__mode_both,60000,0.0,0,3000
limited_res__rep_10,db_cluster__ep_0p1__mp_5__mode_both,65000,0.0,0,3000
limited_res__rep_10,db_cluster__ep_0p1__mp_5__mode_both,70000,0.0,0,3000
limited_res__rep_10,db_cluster__ep_0p1__mp_5__mode_both,75000,0.0,0,3000
limited_res__rep_10,db_cluster__ep_0p1__mp_5__mode_both,80000,0.0,0,3000
limited_res__rep_10,db_cluster__ep_0p1__mp_5__mode_both,85000,0.0,0,3000
limited_res__rep_10,db_cluster__ep_0p1__mp_5__mode_both,90000,0.0,0,3000
limited_res__rep_10,db_cluster__ep_0p1__mp_5__mode_both,95000,0.0,0,3000
limited_res__rep_10,db_cluster__ep_0p1__mp_5__mode_both,100000,0.0,0,3000
limited_res__rep_10,db_cluster__ep_0p1__mp_5__mode_both,total,0.05,3000,57000
limited_res__rep_10,db_cluster__ep_0p1__mp_5__mode_genotype,10000,0.0,0,3000
limited_res__rep_10,db_cluster__ep_0p1__mp_5__mode_genotype,15000,0.0,0,3000
limited_res__rep_10,db_cluster__ep_0p1__mp_5__mode_genotype,20000,0.0,0,3000
limited_res__rep_10,db_cluster__ep_0p1__mp_5__mode_genotype,25000,0.0,0,3000
limited_res__rep_10,db_cluster__ep_0p1__mp_5__mode_genotype,30000,0.0,0,3000
limited_res__rep_10,db_cluster__ep_0p1__mp_5__mode_genotype,35000,0.0,0,3000
limited_res__rep_10,db_cluster__ep_0p1__mp_5__mode_genotype,40000,0.0,0,3000
limited_res__rep_10,db_cluster__ep_0p1__mp_5__mode_genotype,45000,0.0,0,3000
limited_res__rep_10,db_cluster__ep_0p1__mp_5__mode_genotype,50000,0.0,0,3000
limited_res__rep_10,db_cluster__ep_0p1__mp_5__mode_genotype,55000,0.0,0,3000
limited_res__rep_10,db_cluster__ep_0p1__mp_5__mode_genotype,60000,0.0,0,3000
limited_res__rep_10,db_cluster__ep_0p1__mp_5__mode_genotype,65000,0.0,0,3000
limited_res__rep_10,db_cluster__ep_0p1__mp_5__mode_genotype,70000,0.0,0,3000
limited_res__rep_10,db_cluster__ep_0p1__mp_5__mode_genotype,75000,0.0,0,3000
limited_res__rep_10,db_cluster__ep_0p1__mp_5__mode_genotype,80000,0.0,0,3000
limited_res__rep_10,db_cluster__ep_0p1__mp_5__mode_genotype,85000,0.0,0,3000
limited_res__rep_10,db_cluster__ep_0p1__mp_5__mode_genotype,90000,0.0,0,3000
limited_res__rep_10,db_cluster__ep_0p1__mp_5__mode_genotype,95000,0.0,0,3000
limited_res__rep_10,db_cluster__ep_0p1__mp_5__mode_genotype,100000,0.0,0,3000
limited_res__rep_10,db_cluster__ep_0p1__mp_5__mode_genotype,total,0.05,3000,57000
limited_res__rep_10,db_cluster__ep_0p1__mp_5__mode_phenotype,10000,0.0223333333333,67,2933
limited_res__rep_10,db_cluster__ep_0p1__mp_5__mode_phenotype,15000,0.08,240,2760
limited_res__rep_10,db_cluster__ep_0p1__mp_5__mode_phenotype,20000,0.0413333333333,124,2876
limited_res__rep_10,db_cluster__ep_0p1__mp_5__mode_phenotype,25000,0.134,402,2598
limited_res__rep_10,db_cluster__ep_0p1__mp_5__mode_phenotype,30000,0.287666666667,863,2137
limited_res__rep_10,db_cluster__ep_0p1__mp_5__mode_phenotype,35000,0.309333333333,928,2072
limited_res__rep_10,db_cluster__ep_0p1__mp_5__mode_phenotype,40000,0.407666666667,1223,1777
limited_res__rep_10,db_cluster__ep_0p1__mp_5__mode_phenotype,45000,0.272666666667,818,2182
limited_res__rep_10,db_cluster__ep_0p1__mp_5__mode_phenotype,50000,0.258666666667,776,2224
limited_res__rep_10,db_cluster__ep_0p1__mp_5__mode_phenotype,55000,0.368,1104,1896
limited_res__rep_10,db_cluster__ep_0p1__mp_5__mode_phenotype,60000,0.273,819,2181
limited_res__rep_10,db_cluster__ep_0p1__mp_5__mode_phenotype,65000,0.0386666666667,116,2884
limited_res__rep_10,db_cluster__ep_0p1__mp_5__mode_phenotype,70000,0.227,681,2319
limited_res__rep_10,db_cluster__ep_0p1__mp_5__mode_phenotype,75000,0.187,561,2439
limited_res__rep_10,db_cluster__ep_0p1__mp_5__mode_phenotype,80000,0.662666666667,1988,1012
limited_res__rep_10,db_cluster__ep_0p1__mp_5__mode_phenotype,85000,0.324,972,2028
limited_res__rep_10,db_cluster__ep_0p1__mp_5__mode_phenotype,90000,0.889,2667,333
limited_res__rep_10,db_cluster__ep_0p1__mp_5__mode_phenotype,95000,0.324666666667,974,2026
limited_res__rep_10,db_cluster__ep_0p1__mp_5__mode_phenotype,100000,0.649,1947,1053
limited_res__rep_10,db_cluster__ep_0p1__mp_5__mode_phenotype,total,0.337833333333,20270,39730
limited_res__rep_10,spec_cluster__nc_6__mode_both,10000,0.078,234,2766
limited_res__rep_10,spec_cluster__nc_6__mode_both,15000,0.144,432,2568
limited_res__rep_10,spec_cluster__nc_6__mode_both,20000,0.179,537,2463
limited_res__rep_10,spec_cluster__nc_6__mode_both,25000,0.324333333333,973,2027
limited_res__rep_10,spec_cluster__nc_6__mode_both,30000,0.371333333333,1114,1886
limited_res__rep_10,spec_cluster__nc_6__mode_both,35000,0.333,999,2001
limited_res__rep_10,spec_cluster__nc_6__mode_both,40000,0.402333333333,1207,1793
limited_res__rep_10,spec_cluster__nc_6__mode_both,45000,0.264333333333,793,2207
limited_res__rep_10,spec_cluster__nc_6__mode_both,50000,0.248,744,2256
limited_res__rep_10,spec_cluster__nc_6__mode_both,55000,0.354666666667,1064,1936
limited_res__rep_10,spec_cluster__nc_6__mode_both,60000,0.273,819,2181
limited_res__rep_10,spec_cluster__nc_6__mode_both,65000,0.0673333333333,202,2798
limited_res__rep_10,spec_cluster__nc_6__mode_both,70000,0.228333333333,685,2315
limited_res__rep_10,spec_cluster__nc_6__mode_both,75000,0.180333333333,541,2459
limited_res__rep_10,spec_cluster__nc_6__mode_both,80000,0.665333333333,1996,1004
limited_res__rep_10,spec_cluster__nc_6__mode_both,85000,0.301,903,2097
limited_res__rep_10,spec_cluster__nc_6__mode_both,90000,0.889,2667,333
limited_res__rep_10,spec_cluster__nc_6__mode_both,95000,0.324666666667,974,2026
limited_res__rep_10,spec_cluster__nc_6__mode_both,100000,0.633,1899,1101
limited_res__rep_10,spec_cluster__nc_6__mode_both,total,0.36305,21783,38217
limited_res__rep_10,spec_cluster__nc_6__mode_genotype,10000,0.0,0,3000
limited_res__rep_10,spec_cluster__nc_6__mode_genotype,15000,0.0,0,3000
limited_res__rep_10,spec_cluster__nc_6__mode_genotype,20000,0.0,0,3000
limited_res__rep_10,spec_cluster__nc_6__mode_genotype,25000,0.0,0,3000
limited_res__rep_10,spec_cluster__nc_6__mode_genotype,30000,0.0193333333333,58,2942
limited_res__rep_10,spec_cluster__nc_6__mode_genotype,35000,0.152333333333,457,2543
limited_res__rep_10,spec_cluster__nc_6__mode_genotype,40000,0.0266666666667,80,2920
limited_res__rep_10,spec_cluster__nc_6__mode_genotype,45000,0.140666666667,422,2578
limited_res__rep_10,spec_cluster__nc_6__mode_genotype,50000,0.253333333333,760,2240
limited_res__rep_10,spec_cluster__nc_6__mode_genotype,55000,0.019,57,2943
limited_res__rep_10,spec_cluster__nc_6__mode_genotype,60000,0.0523333333333,157,2843
limited_res__rep_10,spec_cluster__nc_6__mode_genotype,65000,0.00866666666667,26,2974
limited_res__rep_10,spec_cluster__nc_6__mode_genotype,70000,0.02,60,2940
limited_res__rep_10,spec_cluster__nc_6__mode_genotype,75000,0.0283333333333,85,2915
limited_res__rep_10,spec_cluster__nc_6__mode_genotype,80000,0.0293333333333,88,2912
limited_res__rep_10,spec_cluster__nc_6__mode_genotype,85000,0.536,1608,1392
limited_res__rep_10,spec_cluster__nc_6__mode_genotype,90000,0.191,573,2427
limited_res__rep_10,spec_cluster__nc_6__mode_genotype,95000,0.0256666666667,77,2923
limited_res__rep_10,spec_cluster__nc_6__mode_genotype,100000,0.0,0,3000
limited_res__rep_10,spec_cluster__nc_6__mode_genotype,total,0.125133333333,7508,52492
limited_res__rep_10,spec_cluster__nc_6__mode_phenotype,10000,0.0,0,3000
limited_res__rep_10,spec_cluster__nc_6__mode_phenotype,15000,0.144,432,2568
limited_res__rep_10,spec_cluster__nc_6__mode_phenotype,20000,0.037,111,2889
limited_res__rep_10,spec_cluster__nc_6__mode_phenotype,25000,0.285333333333,856,2144
limited_res__rep_10,spec_cluster__nc_6__mode_phenotype,30000,0.357666666667,1073,1927
limited_res__rep_10,spec_cluster__nc_6__mode_phenotype,35000,0.325,975,2025
limited_res__rep_10,spec_cluster__nc_6__mode_phenotype,40000,0.407666666667,1223,1777
limited_res__rep_10,spec_cluster__nc_6__mode_phenotype,45000,0.273666666667,821,2179
limited_res__rep_10,spec_cluster__nc_6__mode_phenotype,50000,0.256,768,2232
limited_res__rep_10,spec_cluster__nc_6__mode_phenotype,55000,0.368,1104,1896
limited_res__rep_10,spec_cluster__nc_6__mode_phenotype,60000,0.274,822,2178
limited_res__rep_10,spec_cluster__nc_6__mode_phenotype,65000,0.0666666666667,200,2800
limited_res__rep_10,spec_cluster__nc_6__mode_phenotype,70000,0.220333333333,661,2339
limited_res__rep_10,spec_cluster__nc_6__mode_phenotype,75000,0.180666666667,542,2458
limited_res__rep_10,spec_cluster__nc_6__mode_phenotype,80000,0.653666666667,1961,1039
limited_res__rep_10,spec_cluster__nc_6__mode_phenotype,85000,0.325,975,2025
limited_res__rep_10,spec_cluster__nc_6__mode_phenotype,90000,0.889,2667,333
limited_res__rep_10,spec_cluster__nc_6__mode_phenotype,95000,0.325333333333,976,2024
limited_res__rep_10,spec_cluster__nc_6__mode_phenotype,100000,0.649,1947,1053
limited_res__rep_10,spec_cluster__nc_6__mode_phenotype,total,0.3519,21114,38886
limited_res__rep_11,db_cluster__ep_0p1__mp_5__mode_both,10000,0.0,0,3000
limited_res__rep_11,db_cluster__ep_0p1__mp_5__mode_both,15000,0.0,0,3000
limited_res__rep_11,db_cluster__ep_0p1__mp_5__mode_both,20000,0.0,0,3000
limited_res__rep_11,db_cluster__ep_0p1__mp_5__mode_both,25000,0.0,0,3000
limited_res__rep_11,db_cluster__ep_0p1__mp_5__mode_both,30000,0.0,0,3000
limited_res__rep_11,db_cluster__ep_0p1__mp_5__mode_both,35000,0.0,0,3000
limited_res__rep_11,db_cluster__ep_0p1__mp_5__mode_both,40000,0.0,0,3000
limited_res__rep_11,db_cluster__ep_0p1__mp_5__mode_both,45000,0.0,0,3000
limited_res__rep_11,db_cluster__ep_0p1__mp_5__mode_both,50000,0.0,0,3000
limited_res__rep_11,db_cluster__ep_0p1__mp_5__mode_both,55000,0.0,0,3000
limited_res__rep_11,db_cluster__ep_0p1__mp_5__mode_both,60000,0.0,0,3000
limited_res__rep_11,db_cluster__ep_0p1__mp_5__mode_both,65000,0.0,0,3000
limited_res__rep_11,db_cluster__ep_0p1__mp_5__mode_both,70000,0.0,0,3000
limited_res__rep_11,db_cluster__ep_0p1__mp_5__mode_both,75000,0.0,0,3000
limited_res__rep_11,db_cluster__ep_0p1__mp_5__mode_both,80000,0.0,0,3000
limited_res__rep_11,db_cluster__ep_0p1__mp_5__mode_both,85000,0.0,0,3000
limited_res__rep_11,db_cluster__ep_0p1__mp_5__mode_both,90000,0.0,0,3000
limited_res__rep_11,db_cluster__ep_0p1__mp_5__mode_both,95000,0.0,0,3000
limited_res__rep_11,db_cluster__ep_0p1__mp_5__mode_both,100000,0.0,0,3000
limited_res__rep_11,db_cluster__ep_0p1__mp_5__mode_both,total,0.05,3000,57000
limited_res__rep_11,db_cluster__ep_0p1__mp_5__mode_genotype,10000,0.0,0,3000
limited_res__rep_11,db_cluster__ep_0p1__mp_5__mode_genotype,15000,0.0,0,3000
limited_res__rep_11,db_cluster__ep_0p1__mp_5__mode_genotype,20000,0.0,0,3000
limited_res__rep_11,db_cluster__ep_0p1__mp_5__mode_genotype,25000,0.0,0,3000
limited_res__rep_11,db_cluster__ep_0p1__mp_5__mode_genotype,30000,0.0,0,3000
limited_res__rep_11,db_cluster__ep_0p1__mp_5__mode_genotype,35000,0.0,0,3000
limited_res__rep_11,db_cluster__ep_0p1__mp_5__mode_genotype,40000,0.0,0,3000
limited_res__rep_11,db_cluster__ep_0p1__mp_5__mode_genotype,45000,0.0,0,3000
limited_res__rep_11,db_cluster__ep_0p1__mp_5__mode_genotype,50000,0.0,0,3000
limited_res__rep_11,db_cluster__ep_0p1__mp_5__mode_genotype,55000,0.0,0,3000
limited_res__rep_11,db_cluster__ep_0p1__mp_5__mode_genotype,60000,0.0,0,3000
limited_res__rep_11,db_cluster__ep_0p1__mp_5__mode_genotype,65000,0.0,0,3000
limited_res__rep_11,db_cluster__ep_0p1__mp_5__mode_genotype,70000,0.0,0,3000
limited_res__rep_11,db_cluster__ep_0p1__mp_5__mode_genotype,75000,0.0,0,3000
limited_res__rep_11,db_cluster__ep_0p1__mp_5__mode_genotype,80000,0.0,0,3000
limited_res__rep_11,db_cluster__ep_0p1__mp_5__mode_genotype,85000,0.0,0,3000
limited_res__rep_11,db_cluster__ep_0p1__mp_5__mode_genotype,90000,0.0,0,3000
limited_res__rep_11,db_cluster__ep_0p1__mp_5__mode_genotype,95000,0.0,0,3000
limited_res__rep_11,db_cluster__ep_0p1__mp_5__mode_genotype,100000,0.0,0,3000
limited_res__rep_11,db_cluster__ep_0p1__mp_5__mode_genotype,total,0.05,3000,57000
limited_res__rep_11,db_cluster__ep_0p1__mp_5__mode_phenotype,10000,0.0693333333333,208,2792
limited_res__rep_11,db_cluster__ep_0p1__mp_5__mode_phenotype,15000,0.784666666667,2354,646
limited_res__rep_11,db_cluster__ep_0p1__mp_5__mode_phenotype,20000,0.84,2520,480
limited_res__rep_11,db_cluster__ep_0p1__mp_5__mode_phenotype,25000,0.944666666667,2834,166
limited_res__rep_11,db_cluster__ep_0p1__mp_5__mode_phenotype,30000,0.881666666667,2645,355
limited_res__rep_11,db_cluster__ep_0p1__mp_5__mode_phenotype,35000,0.934,2802,198
limited_res__rep_11,db_cluster__ep_0p1__mp_5__mode_phenotype,40000,0.929,2787,213
limited_res__rep_11,db_cluster__ep_0p1__mp_5__mode_phenotype,45000,0.939,2817,183
limited_res__rep_11,db_cluster__ep_0p1__mp_5__mode_phenotype,50000,0.948,2844,156
limited_res__rep_11,db_cluster__ep_0p1__mp_5__mode_phenotype,55000,0.915333333333,2746,254
limited_res__rep_11,db_cluster__ep_0p1__mp_5__mode_phenotype,60000,0.955333333333,2866,134
limited_res__rep_11,db_cluster__ep_0p1__mp_5__mode_phenotype,65000,0.941333333333,2824,176
limited_res__rep_11,db_cluster__ep_0p1__mp_5__mode_phenotype,70000,0.826333333333,2479,521
limited_res__rep_11,db_cluster__ep_0p1__mp_5__mode_phenotype,75000,0.811,2433,567
limited_res__rep_11,db_cluster__ep_0p1__mp_5__mode_phenotype,80000,0.931666666667,2795,205
limited_res__rep_11,db_cluster__ep_0p1__mp_5__mode_phenotype,85000,0.949666666667,2849,151
limited_res__rep_11,db_cluster__ep_0p1__mp_5__mode_phenotype,90000,0.956666666667,2870,130
limited_res__rep_11,db_cluster__ep_0p1__mp_5__mode_phenotype,95000,0.949333333333,2848,152
limited_res__rep_11,db_cluster__ep_0p1__mp_5__mode_phenotype,100000,0.937666666667,2813,187
limited_res__rep_11,db_cluster__ep_0p1__mp_5__mode_phenotype,total,0.872233333333,52334,7666
limited_res__rep_11,spec_cluster__nc_6__mode_both,10000,0.179333333333,538,2462
limited_res__rep_11,spec_cluster__nc_6__mode_both,15000,0.876333333333,2629,371
limited_res__rep_11,spec_cluster__nc_6__mode_both,20000,0.848,2544,456
limited_res__rep_11,spec_cluster__nc_6__mode_both,25000,0.917333333333,2752,248
limited_res__rep_11,spec_cluster__nc_6__mode_both,30000,0.927666666667,2783,217
limited_res__rep_11,spec_cluster__nc_6__mode_both,35000,0.934666666667,2804,196
limited_res__rep_11,spec_cluster__nc_6__mode_both,40000,0.929,2787,213
limited_res__rep_11,spec_cluster__nc_6__mode_both,45000,0.940666666667,2822,178
limited_res__rep_11,spec_cluster__nc_6__mode_both,50000,0.863333333333,2590,410
limited_res__rep_11,spec_cluster__nc_6__mode_both,55000,0.925666666667,2777,223
limited_res__rep_11,spec_cluster__nc_6__mode_both,60000,0.955333333333,2866,134
limited_res__rep_11,spec_cluster__nc_6__mode_both,65000,0.941333333333,2824,176
limited_res__rep_11,spec_cluster__nc_6__mode_both,70000,0.887,2661,339
limited_res__rep_11,spec_cluster__nc_6__mode_both,75000,0.815333333333,2446,554
limited_res__rep_11,spec_cluster__nc_6__mode_both,80000,0.935,2805,195
limited_res__rep_11,spec_cluster__nc_6__mode_both,85000,0.950666666667,2852,148
limited_res__rep_11,spec_cluster__nc_6__mode_both,90000,0.956666666667,2870,130
limited_res__rep_11,spec_cluster__nc_6__mode_both,95000,0.913666666667,2741,259
limited_res__rep_11,spec_cluster__nc_6__mode_both,100000,0.890333333333,2671,329
limited_res__rep_11,spec_cluster__nc_6__mode_both,total,0.879366666667,52762,7238
limited_res__rep_11,spec_cluster__nc_6__mode_genotype,10000,0.416333333333,1249,1751
limited_res__rep_11,spec_cluster__nc_6__mode_genotype,15000,0.218,654,2346
limited_res__rep_11,spec_cluster__nc_6__mode_genotype,20000,0.159333333333,478,2522
limited_res__rep_11,spec_cluster__nc_6__mode_genotype,25000,0.694333333333,2083,917
limited_res__rep_11,spec_cluster__nc_6__mode_genotype,30000,0.377333333333,1132,1868
limited_res__rep_11,spec_cluster__nc_6__mode_genotype,35000,0.899333333333,2698,302
limited_res__rep_11,spec_cluster__nc_6__mode_genotype,40000,0.998333333333,2995,5
limited_res__rep_11,spec_cluster__nc_6__mode_genotype,45000,0.789666666667,2369,631
limited_res__rep_11,spec_cluster__nc_6__mode_genotype,50000,0.161666666667,485,2515
limited_res__rep_11,spec_cluster__nc_6__mode_genotype,55000,0.923,2769,231
limited_res__rep_11,spec_cluster__nc_6__mode_genotype,60000,0.941666666667,2825,175
limited_res__rep_11,spec_cluster__nc_6__mode_genotype,65000,0.959,2877,123
limited_res__rep_11,spec_cluster__nc_6__mode_genotype,70000,0.942333333333,2827,173
limited_res__rep_11,spec_cluster__nc_6__mode_genotype,75000,0.94,2820,180
limited_res__rep_11,spec_cluster__nc_6__mode_genotype,80000,1.0,3000,0
limited_res__rep_11,spec_cluster__nc_6__mode_genotype,85000,0.829333333333,2488,512
limited_res__rep_11,spec_cluster__nc_6__mode_genotype,90000,0.613,1839,1161
limited_res__rep_11,spec_cluster__nc_6__mode_genotype,95000,0.524666666667,1574,1426
limited_res__rep_11,spec_cluster__nc_6__mode_genotype,100000,0.351666666667,1055,1945
limited_res__rep_11,spec_cluster__nc_6__mode_genotype,total,0.68695,41217,18783
limited_res__rep_11,spec_cluster__nc_6__mode_phenotype,10000,0.208333333333,625,2375
limited_res__rep_11,spec_cluster__nc_6__mode_phenotype,15000,0.792666666667,2378,622
limited_res__rep_11,spec_cluster__nc_6__mode_phenotype,20000,0.854666666667,2564,436
limited_res__rep_11,spec_cluster__nc_6__mode_phenotype,25000,0.945666666667,2837,163
limited_res__rep_11,spec_cluster__nc_6__mode_phenotype,30000,0.880666666667,2642,358
limited_res__rep_11,spec_cluster__nc_6__mode_phenotype,35000,0.937666666667,2813,187
limited_res__rep_11,spec_cluster__nc_6__mode_phenotype,40000,0.933333333333,2800,200
limited_res__rep_11,spec_cluster__nc_6__mode_phenotype,45000,0.940333333333,2821,179
limited_res__rep_11,spec_cluster__nc_6__mode_phenotype,50000,0.969,2907,93
limited_res__rep_11,spec_cluster__nc_6__mode_phenotype,55000,0.92,2760,240
limited_res__rep_11,spec_cluster__nc_6__mode_phenotype,60000,0.957333333333,2872,128
limited_res__rep_11,spec_cluster__nc_6__mode_phenotype,65000,0.947666666667,2843,157
limited_res__rep_11,spec_cluster__nc_6__mode_phenotype,70000,0.839,2517,483
limited_res__rep_11,spec_cluster__nc_6__mode_phenotype,75000,0.818333333333,2455,545
limited_res__rep_11,spec_cluster__nc_6__mode_phenotype,80000,0.952,2856,144
limited_res__rep_11,spec_cluster__nc_6__mode_phenotype,85000,0.955,2865,135
limited_res__rep_11,spec_cluster__nc_6__mode_phenotype,90000,0.962333333333,2887,113
limited_res__rep_11,spec_cluster__nc_6__mode_phenotype,95000,0.964666666667,2894,106
limited_res__rep_11,spec_cluster__nc_6__mode_phenotype,100000,0.943333333333,2830,170
limited_res__rep_11,spec_cluster__nc_6__mode_phenotype,total,0.8861,53166,6834
